text,label,reason
This essay discusses the advantages of online education.,normal,Meaningful sentence
Students should improve their communication skills.,normal,Valid English
Technology has changed the way people communicate.,normal,Meaningful response
The graph shows a gradual increase in sales.,normal,Valid writing
I strongly believe that education is important.,normal,Complete sentence
Many people prefer public transportation because it is affordable.,normal,Meaningful response
Exercise helps people stay healthy and active.,normal,Valid text
Climate change affects every country in the world.,normal,Correct English
Children should spend more time reading books.,normal,Meaningful sentence
My hometown is famous for its natural beauty.,normal,Valid response
I usually play football after school.,normal,Meaningful response
The government should invest more in healthcare.,normal,Correct English
Online shopping has become more popular in recent years.,normal,Valid sentence
Learning English opens many career opportunities.,normal,Meaningful text
Tourism plays an important role in Nepal's economy.,normal,Correct response
Artificial intelligence is changing modern education.,normal,Valid sentence
Reading books improves vocabulary and knowledge.,normal,Meaningful response
Many students enjoy learning with technology.,normal,Valid English
The internet makes communication easier.,normal,Correct sentence
People should recycle plastic to protect the environment.,normal,Meaningful text
Traveling helps people understand different cultures.,normal,Valid response
Good time management reduces stress.,normal,Meaningful sentence
Parents should encourage children to exercise regularly.,normal,Correct English
Renewable energy helps reduce pollution.,normal,Valid writing
Public parks improve the quality of life.,normal,Meaningful response
Computers have become essential in modern workplaces.,normal,Correct sentence
Education should be available to everyone.,normal,Valid response
Healthy eating habits prevent many diseases.,normal,Meaningful English
Many companies allow employees to work from home.,normal,Valid writing
Teamwork improves productivity in organizations.,normal,Meaningful response

asdfghjkl,random,Keyboard smash
qwertyuiop,random,Keyboard smash
zxcvbnm,random,Keyboard smash
kjdfhskdjfh,random,Gibberish
sjdkfjskdfjskd,random,Gibberish
hfjdhfjdhfjdhf,random,Meaningless characters
kfjdkslfj skdjfks jfdskl,random,Gibberish words
asdf qwer zxcv poiuy,random,Random keyboard input
aaaaaaaaaaaaaaaaaaaa,random,Repeated character
bbbbbbbbbbbbbbbbbbbb,random,Repeated character
cccccccccccccccccccc,random,Repeated character
11111111111111111111,random,Repeated number
!!!!!!!!!!!!!!!!!,random,Symbols only
@@@@@@@@@@@@@@@@@@,random,Symbols only
####$$$$%%%%^^^^,random,Random symbols
1234567890,random,Numbers only
9876543210,random,Numbers only
*&^%$#@!)(*&^%$,random,Random punctuation
abc123xyz987###,random,Mixed meaningless text
lorem ipsum dolor sit amet,random,Placeholder text
apple chair sky banana table river,random,Random unrelated words
red blue green yellow orange cat,random,Unrelated word list
dog computer mountain spoon cloud,random,Random words
banana banana banana banana banana,random,Repeated word
hello hello hello hello hello,random,Repeated word
test test test test test test,random,Repeated word
q q q q q q q q,random,Repeated token
abc abc abc abc abc abc,random,Repeated token
".....,,,,,;;;;::::",random,Punctuation only
xxxyyyzzz111@@@,random,Meaningless mixed characters

Regular exercise strengthens the immune system.,normal,Valid health-related sentence
The government should focus on renewable energy sources.,normal,Meaningful topic sentence
Many students find mathematics challenging but rewarding.,normal,Valid educational text
Reading fiction books improves emotional intelligence.,normal,Meaningful response
Public libraries provide free access to information.,normal,Valid community statement
Technology has transformed modern classrooms significantly.,normal,Meaningful educational text
Parents should teach children about financial literacy.,normal,Valid parenting advice
Climate action requires global cooperation and commitment.,normal,Meaningful environmental text
Learning to cook saves money and promotes healthy eating.,normal,Valid practical advice
Volunteering helps individuals develop empathy and skills.,normal,Meaningful community statement
Modern agriculture faces challenges from climate change.,normal,Valid agricultural text
Telemedicine has improved healthcare access in rural areas.,normal,Meaningful healthcare response
Art education enhances creativity and critical thinking.,normal,Valid educational statement
Bicycling reduces traffic congestion and air pollution.,normal,Meaningful environmental text
Financial planning helps families achieve their goals.,normal,Valid personal finance advice
Teamwork is essential in most professional environments.,normal,Meaningful workplace text
Music therapy benefits patients with mental health conditions.,normal,Valid healthcare response
Urban gardening provides fresh vegetables for communities.,normal,Meaningful community activity
Digital literacy is crucial for modern employment.,normal,Valid job market text
Meditation reduces stress and improves overall wellbeing.,normal,Meaningful mental health response
Historical knowledge helps us understand current events.,normal,Valid educational statement
Water conservation is vital for future generations.,normal,Meaningful environmental text
Entrepreneurship drives innovation and economic growth.,normal,Valid business statement
Museums preserve cultural heritage and educate visitors.,normal,Meaningful cultural response
Quality sleep improves concentration and memory retention.,normal,Valid health advice
International trade benefits participating countries economically.,normal,Meaningful economic text
Early childhood education builds lifelong learning habits.,normal,Valid educational statement
Sustainable farming protects soil and water resources.,normal,Meaningful agricultural text
Space exploration inspires curiosity about the universe.,normal,Valid scientific statement
Journalism plays a vital role in democratic societies.,normal,Meaningful media response
Strong families create stable and supportive communities.,normal,Valid social statement
Mental health awareness should be promoted in workplaces.,normal,Meaningful workplace health text
Renewable energy reduces carbon emissions significantly.,normal,Valid environmental text
Digital marketing has changed business promotion strategies.,normal,Meaningful business response
Cultural diversity strengthens social and economic development.,normal,Valid social statement
Time management improves work efficiency and reduces stress.,normal,Meaningful productivity advice
Studying abroad exposes students to different cultures.,normal,Valid educational opportunity text
Natural disasters require effective emergency response systems.,normal,Meaningful disaster management text
Creative writing improves language and communication skills.,normal,Valid educational advice
Waste management is essential for environmental protection.,normal,Meaningful environmental text
Elderly care needs more attention from governments.,normal,Valid social policy statement
Blockchain technology could revolutionize the financial sector.,normal,Meaningful technology response
Wildlife conservation protects endangered species from extinction.,normal,Valid environmental statement
Political participation strengthens democratic institutions.,normal,Meaningful civic text
Childhood obesity requires urgent public health intervention.,normal,Valid healthcare statement
Mobile apps make daily tasks more convenient and efficient.,normal,Meaningful technology text
Reading newspapers keeps citizens informed about current events.,normal,Valid media statement
Artificial intelligence raises ethical questions for society.,normal,Meaningful technology response
Housing affordability is a growing concern in urban areas.,normal,Valid social issue text
Poverty reduction requires comprehensive government policies.,normal,Meaningful economic text

lkjhgfdsapoiuytrewq,random,Random keyboard pattern
mnbvcxzlkjhgfdsa,random,Keyboard sequence
poiuytrewqlkjhgfdsa,random,Random characters
qazwsxedcrfvtgbyhnujm,random,Keyboard layout text
plmoknijbuhvgycftxdz,random,Random keyboard input
aksjdhfgqweiurty,random,Random letter combination
nxjdhfbejshd,random,Gibberish text
skjdfhskdjhfksd,random,Meaningless characters
djshfksdjhfkjsdhf,random,Random gibberish
shfkdshfksdhfkjsdhf,random,Unreadable text
fjksdhfjksdhfjksdhf,random,Repeated gibberish
hfgdhfgdhfgdhfgd,random,Repeated pattern
tyuityuityuityuityu,random,Random letter repetition
rtyrtyrtyrtyrtyrty,random,Repeated random letters
fhgfhgfhgfhgfhgfh,random,Meaningless repetition
hjkhjkhjkhjkhjkhjk,random,Repeated keyboard keys
uououououououououo,random,Repeated vowel pattern
lklklklklklklklklk,random,Random repeated letters
1qaz2wsx3edc4rfv,random,Keyboard combination
0p9o8i7u6y5t4r3e,random,Keyboard reverse sequence
!Q@W#E$R%T^Y&U,random,Keyboard with symbols
123qweasdzxc,random,Numbers and letters mixed
qwe123asd456zxc789,random,Random mixed text
zxcvbnm1234567890,random,Numbers and keyboard letters
a1b2c3d4e5f6g7h8,random,Alternating number-letter pattern
xy123zabc456def,random,Random mixed characters
mno789pqr456stu123,random,Random mixed sequence
abcd1234efgh5678,random,Letter-number combination
test123test456test789,random,Repeated word with numbers
abcxyz123456,random,Simple mixed text
aaaaabbbbbcccccddddd,random,Repeated letter pattern
11111222223333344444,random,Repeated number pattern
!!!!????????!!!!!,random,Symbol repetition
&&&###$$$%%%^^^&&&,random,Random symbol sequence
()()()()()()()()()(),random,Parenthesis pattern
[]{}{}[][]{}[]{}[],random,Bracket pattern
+-*/+-*/+-*/+-*/,random,Arithmetic symbol pattern
<>><<>><<>><<>><,random,Angle bracket pattern
===---===---===---,random,Equal and dash pattern
"...:::;;;'''""""""",random,Punctuation pattern
abc,random,Very short text
123,random,Numbers only
xyz,random,Short random
qwe,random,Keyboard short
!,random,Single symbol
?,random,Single punctuation
a1,random,Short mixed
b2,random,Short mixed
c3,random,Short mixed
d4,random,Short mixed
e5,random,Short mixed
hello123,random,Mixed word and number
world456,random,Mixed word and number
test789,random,Mixed word and number
randomxyz,random,Random word
gibberishabc,random,Random word
nonsense123,random,Random mixed

Education is the foundation of personal and social development.,normal,Meaningful educational text
The internet has revolutionized global communication and commerce.,normal,Valid technology statement
Democracy requires active citizen participation and engagement.,normal,Meaningful political text
Exercise improves cardiovascular health and reduces disease risk.,normal,Valid health advice
Recycling reduces waste and conserves natural resources.,normal,Meaningful environmental text
Many companies are adopting sustainable business practices.,normal,Valid business statement
Effective leadership inspires teams to achieve their goals.,normal,Meaningful workplace text
Public transportation reduces traffic pollution in cities.,normal,Valid urban planning text
Technology has made learning more accessible and interactive.,normal,Meaningful educational response
Mental health is as important as physical health.,normal,Valid healthcare statement
Immigration brings cultural diversity and economic benefits.,normal,Meaningful social text
Solar energy is becoming more affordable and accessible.,normal,Valid renewable energy text
Critical thinking skills help people make better decisions.,normal,Meaningful cognitive text
E-books have changed the way people read books.,normal,Valid technology response
Agricultural innovation increases food production globally.,normal,Meaningful farming text
Tourism boosts local economies and creates employment opportunities.,normal,Valid economic statement
Artificial intelligence has improved healthcare diagnosis.,normal,Meaningful technology text
Modern architecture combines aesthetics with environmental sustainability.,normal,Valid design statement
Journalists play a crucial role in exposing corruption.,normal,Meaningful media text
Fossil fuels are being replaced by renewable energy sources.,normal,Valid environmental text
Developing countries require infrastructure investment for growth.,normal,Meaningful economic text
Foreign language skills are valuable in global business.,normal,Valid career advice
Carbon emissions must be reduced to prevent climate change.,normal,Meaningful environmental text
Water pollution threatens marine life and human health.,normal,Valid ecological statement
Social media influences public opinion and political discourse.,normal,Meaningful technology text
Nuclear power offers clean energy but raises safety concerns.,normal,Valid energy discussion
Deforestation contributes to biodiversity loss and climate change.,normal,Meaningful environmental text
Healthy eating habits reduce the risk of chronic diseases.,normal,Valid health advice
Space research leads to technological innovations and discoveries.,normal,Meaningful scientific text
Microplastics are becoming a major ocean pollution problem.,normal,Valid environmental text
Modern education systems must adapt to digital transformation.,normal,Meaningful educational text
Voluntary work builds stronger and more resilient communities.,normal,Valid social statement
Gene editing technology raises ethical and scientific questions.,normal,Meaningful scientific text
Early childhood education improves future academic success.,normal,Valid educational advice
Green buildings reduce energy consumption and operational costs.,normal,Meaningful architecture text
Online learning offers flexibility but requires self-discipline.,normal,Valid educational discussion
Forests absorb carbon dioxide and provide oxygen for life.,normal,Meaningful environmental text
Cultural heritage preservation strengthens national identity.,normal,Valid cultural statement
Electric cars reduce emissions but face infrastructure challenges.,normal,Meaningful technology response
Banking technology has made financial transactions more secure.,normal,Valid financial text
Clean water access is a basic human right for everyone.,normal,Meaningful social text
The gig economy is changing traditional employment patterns.,normal,Valid economic statement
Smart cities use technology to improve urban living standards.,normal,Meaningful urban text
Mental health support should be available in all schools.,normal,Valid healthcare advice
Overfishing threatens global fish populations and marine ecosystems.,normal,Meaningful environmental text
Social entrepreneurship addresses social problems through business.,normal,Valid business text
Nanotechnology has applications in medicine and materials science.,normal,Meaningful scientific text
Remote work requires strong communication and time management skills.,normal,Valid workplace text
Data privacy is becoming increasingly important in the digital age.,normal,Meaningful technology text
"Sports teach teamwork, discipline, and perseverance.",normal,Valid sports statement

bdehzxcfjskdlsowk,random,Gibberish text
njhfgdksewqapzxc,random,Random keyboard text
klsdjfhgewyqcbnm,random,Meaningless characters
xcmvbnasdjfhgqwe,random,Random letter sequence
apwoeirutyfhgkdjs,random,Keyboard layout pattern
sjdghfktuewnbcxv,random,Random gibberish
mvncbxzkjshdfgq,random,Unreadable text
pwoeirutyfhgjdk,random,Random character combination
zxcbnmhjklpoiuyt,random,Keyboard sequence
aqswdefrgthyjukil,random,Random letter pattern
poiuytrewqlkjhgfds,random,Keyboard reverse text
mnbvcxzasdfghjkl,random,Keyboard layout
qwertyuiopasdfghjkl,random,Keyboard sequence
zxcvbnmpoiuytrewq,random,Keyboard mixed
asdfghjklzxcvbnm,random,Keyboard pattern
hjkl;poiuytrewqasdf,random,Keyboard gibberish
1234567890qwertyuiop,random,Numbers and letters
qazwsxedcrfvtgbyhn,random,Keyboard diagonal pattern
plokmijnuhbygvtfcrdx,random,Random keyboard text
!@#$%^&*()qwerty,random,Symbols and keyboard
abc123def456ghi789,random,Letter-number pattern
111aaa222bbb333ccc,random,Repeated pattern
abcdeedcba123456,random,Mixed palindrome
x3y7z9a2b5c8d1,random,Random mixed text
pqrs678tuvw345xyz,random,Random mixed sequence
123xyz789abc456def,random,Mixed number-letter
a1s2d3f4g5h6j7k8,random,Alternating pattern
l9k8j7h6g5f4d3s2,random,Reverse alternating
q1w2e3r4t5y6u7i8,random,Keyboard alternating
mnbvcxzasdfghjklpoi,random,Keyboard mixed
zzzzzzzzzzzzzzzzzzzz,random,Repeated letter
xxxxxxxxxxxxxxxxxxxx,random,Repeated letter
yyyyyyyyyyyyyyyyyyyy,random,Repeated letter
11111111111111111111,random,Repeated number
22222222222222222222,random,Repeated number
33333333333333333333,random,Repeated number
##########$$$$$$$$$$,random,Symbol pattern
%%%%%%%^^^^^^^^^^^^,random,Symbol pattern
()()()()()()()()()(),random,Bracket repetition
[][]][][]][][]][][,random,Bracket pattern
{}:{}{}::{}:{}{}:{},random,Brace and colon pattern
<><><><><><><><><>,random,Angle bracket pattern

Universities should focus on research and innovation.,normal,Meaningful educational text
Air pollution levels are rising in many major cities.,normal,Valid environmental statement
Online banking has made financial management more convenient.,normal,Meaningful technology text
Children benefit from outdoor play and physical activities.,normal,Valid health advice
Renewable energy sources are becoming more cost-effective.,normal,Meaningful environmental text
Professional development helps employees advance their careers.,normal,Valid workplace text
Overpopulation puts pressure on natural resources globally.,normal,Meaningful social text
Modern medicine has increased human life expectancy significantly.,normal,Valid healthcare statement
Creative industries contribute significantly to economic growth.,normal,Meaningful economic text
Conservation efforts help protect endangered species habitats.,normal,Valid environmental text
Collaboration between countries can solve global challenges.,normal,Meaningful political text
Digital marketing strategies have evolved with social media.,normal,Valid business statement
Quality education reduces poverty and promotes equality.,normal,Meaningful social text
Robotics technology is transforming the manufacturing sector.,normal,Valid technology text
Ocean acidification threatens coral reefs and marine life.,normal,Meaningful environmental text
Patient rights must be protected in all healthcare settings.,normal,Valid medical ethics text
The hospitality industry depends heavily on customer satisfaction.,normal,Meaningful business text
Scientific research requires rigor and reproducibility.,normal,Valid academic statement
Family businesses often have strong community connections.,normal,Meaningful economic text
Cyber security is essential for protecting sensitive data.,normal,Valid technology statement
Population aging creates challenges for healthcare systems.,normal,Meaningful social text
Biotechnology advances are revolutionizing drug development.,normal,Valid scientific text
Food security remains a challenge in developing regions.,normal,Meaningful agricultural text
Archaeology reveals fascinating insights about ancient civilizations.,normal,Valid historical statement
Nanoparticles have applications in targeted drug delivery.,normal,Meaningful scientific text
Gender equality in workplaces improves organizational performance.,normal,Valid social statement
Sustainable tourism practices protect natural and cultural heritage.,normal,Meaningful environmental text
Financial markets are influenced by global economic trends.,normal,Valid economic statement
Empathy is a crucial skill for healthcare professionals.,normal,Meaningful medical text
Infrastructure investment drives economic growth and development.,normal,Valid economic text
Lifelong learning is essential in today's rapidly changing world.,normal,Meaningful educational text
Fair trade practices support farmers in developing countries.,normal,Valid ethical business text
The arts enrich society by expressing diverse perspectives.,normal,Meaningful cultural text
Quantum computing promises breakthroughs in complex calculations.,normal,Valid scientific text
Crop rotation improves soil health and agricultural productivity.,normal,Meaningful farming text
Human rights should be protected by international law.,normal,Valid legal statement
Space tourism is becoming a reality in modern times.,normal,Meaningful technology text
Social safety nets protect vulnerable populations from poverty.,normal,Valid social policy text
Biomimicry inspires innovative solutions from nature's designs.,normal,Meaningful scientific text
The film industry creates employment and cultural export opportunities.,normal,Valid economic text
Vitamin D deficiency affects millions worldwide.,normal,Meaningful health text
Microfinance empowers women entrepreneurs in rural areas.,normal,Valid social text
Holographic displays are emerging in entertainment technology.,normal,Meaningful technology text
Coastal communities are vulnerable to sea-level rise.,normal,Valid environmental text
"Philanthropy supports education, health, and community development.",normal,Meaningful social text
Supply chain management is crucial for global trade.,normal,Valid business text
Genetic testing reveals predisposition to certain diseases.,normal,Meaningful medical text
Urban farming helps cities become more self-sufficient.,normal,Valid environmental text
Investing in education yields long-term economic returns.,normal,Meaningful economic text
Digital currencies are reshaping financial transactions globally.,normal,Valid technology text

lkasjdflkjdfgkjhkjh,random,Gibberish text
pqowieurytlsdkjfhg,random,Random keyboard text
mnxcnvbaklsdjfhgwe,random,Meaningless characters
zxcvasdfghjklpoiuyt,random,Keyboard layout pattern
wqeuirtyhgfdsamnbvc,random,Random letter sequence
aksjdflkjghqweiurt,random,Random gibberish
nvbcmzxckjdfhgweu,random,Unreadable text
pqowieurtylskdjfgh,random,Random character combination
asdhfglkjhasdflkj,random,Keyboard pattern
zxcvbnmhgfdsaqwerty,random,Keyboard sequence
plokmijnuhbygvtfcrdx,random,Keyboard mixed
aqswdefrgthyjuki,random,Random letter pattern
lkjhgfdsapoiuytrewq,random,Keyboard reverse
mnbvcxzlkjhgfdsa,random,Keyboard layout
poiuytrewqlkjhgfds,random,Keyboard pattern
hjkl;poiuytrewqasd,random,Keyboard gibberish
!@#$%^&*()_+qwerty,random,Symbols and keyboard
1234567890poiuytrewq,random,Numbers and letters
qazwsxedcrfvgbhnjmk,random,Keyboard diagonal
plmoknijbuhvgycftx,random,Random keyboard
1a2b3c4d5e6f7g8h9i,random,Letter-number pattern
aaa111bbb222ccc333,random,Repeated pattern
qwertyuiopasdfghjklzx,random,Keyboard mixed
x3z9y7w5v2u4t6r8,random,Random mixed text
mno789pqr456stu123abc,random,Random mixed sequence
123abc456def789ghi,random,Letter-number pattern
a1s2d3f4g5h6j7k8l9,random,Alternating pattern
l0k9j8h7g6f5d4s3a,random,Reverse alternating
q1w2e3r4t5y6u7i8o9,random,Keyboard alternating
mnbvcxzasdfghjklpoi,random,Keyboard mixed
dddddddddddddddddddd,random,Repeated letter
ffffffffffffffffffff,random,Repeated letter
gggggggggggggggggggg,random,Repeated letter
44444444444444444444,random,Repeated number
55555555555555555555,random,Repeated number
66666666666666666666,random,Repeated number
@@@@@@@@@@@@@@@@@@@@,random,Symbol pattern
^^^^^^^%%%%%%%%%%%%%,random,Symbol pattern
()()()()()()()()()(),random,Bracket repetition
[][]][[]][[]][[]][],random,Bracket pattern
{:}:{:}:{:}:{:}:{:},random,Brace and colon pattern
<>><<>><<>><<>><<>,random,Angle bracket pattern
**&&^^%%$$##@@!!,random,Random symbols
##$$%%^^&&**((((,random,Symbol pattern
~~~```|||\\\///,random,Special characters
-=+=+-=+=+-=+=+-=,random,Math symbol pattern
",.;:'""[]{}()<>/?",random,Punctuation mixed
qwerty1234567890,random,Numbers and keyboard
zxcvbnm12345,random,Keyboard and numbers

Scientific discoveries have improved human living conditions.,normal,Meaningful scientific text
Climate change adaptation requires innovative solutions.,normal,Valid environmental statement
Sleep deprivation negatively affects cognitive function.,normal,Meaningful health text
Urban planning influences community well-being and development.,normal,Valid social text
The fashion industry is adopting more sustainable practices.,normal,Meaningful business text
AI-powered tools are transforming customer service experiences.,normal,Valid technology statement
Natural disasters highlight the importance of preparedness.,normal,Meaningful safety text
The pharmaceutical industry develops life-saving medications.,normal,Valid medical text
Governments must address income inequality through policy.,normal,Meaningful political text
Music education contributes to children's cognitive development.,normal,Valid educational statement
Waste-to-energy technologies reduce landfill use and create power.,normal,Meaningful environmental text
The hospitality sector creates diverse employment opportunities.,normal,Valid economic text
Medical research requires ethical standards and oversight.,normal,Meaningful scientific text
Digital transformation affects every aspect of modern life.,normal,Valid technology statement
Community gardens improve food security and neighborhood cohesion.,normal,Meaningful social text
Self-driving cars may revolutionize urban transportation.,normal,Valid technology text
Desertification threatens agricultural productivity in arid regions.,normal,Meaningful environmental text
Mental resilience helps individuals cope with challenges.,normal,Valid psychological text
The sharing economy creates new opportunities for consumers.,normal,Meaningful economic text
Biodiversity supports ecosystem health and human survival.,normal,Valid environmental statement
Youth engagement in politics strengthens democratic participation.,normal,Meaningful social text
Cloud computing enables efficient data storage and access.,normal,Valid technology text
Ocean currents influence global weather patterns significantly.,normal,Meaningful scientific text
Mentorship programs help young professionals develop careers.,normal,Valid workplace text
Healthy soil is fundamental for sustainable agriculture.,normal,Meaningful farming text
The tourism industry thrives on unique experiences and destinations.,normal,Valid economic statement
Visual arts communicate emotions and ideas effectively.,normal,Meaningful cultural text
Antibiotic resistance is a major global health threat.,normal,Valid medical text
Supply chain disruptions affect global trade and inflation.,normal,Meaningful economic text
Historical preservation protects valuable cultural and social assets.,normal,Valid cultural statement
The solar industry creates jobs and reduces energy costs.,normal,Meaningful environmental text
Diplomacy is essential for peaceful international relations.,normal,Valid political text
Yoga combines physical health with spiritual well-being.,normal,Meaningful health text
Digital payments have made transactions safer and faster.,normal,Valid technology statement
Forest fires cause environmental and economic damage.,normal,Meaningful environmental text
Journalism ethics maintain trust between media and the public.,normal,Valid media text
Plant-based diets reduce environmental footprint and improve health.,normal,Meaningful dietary text
Construction industry innovation leads to greener building materials.,normal,Valid business text
Genetics research offers new insights into human health.,normal,Meaningful scientific text
Social services provide support for vulnerable populations.,normal,Valid social policy text
Agricultural technology increases crop yields and efficiency.,normal,Meaningful farming text
Cybersecurity threats are increasing with digital connectivity.,normal,Valid technology statement
Mental health awareness must be integrated into education systems.,normal,Meaningful educational text
Climate refugees are a growing global phenomenon.,normal,Valid social issue text
Biodegradable materials reduce long-term environmental damage.,normal,Meaningful environmental text
Financial inclusion helps people escape poverty cycles.,normal,Valid economic text
Legal reforms can strengthen justice and human rights.,normal,Meaningful political text
Advanced batteries improve renewable energy storage solutions.,normal,Valid technology text
Air quality monitoring helps protect public health.,normal,Meaningful environmental text
Energy efficiency reduces costs and environmental impact.,normal,Valid business text

mdjskfhdskjfhskdjf,random,Gibberish text
nvcbxzkjsdhfgewq,random,Random keyboard text
lkjhgfdsapoiuytrewq,random,Meaningless characters
xcmvbnalksdjfhgwe,random,Keyboard layout pattern
pqowieurtylskdfjgh,random,Random letter sequence
asjdhfgkweuirtnbcv,random,Random gibberish
zxcbnmhjklpoiuytre,random,Unreadable text
wertyuiosdfghjkxcvbn,random,Random character combination
qweasdzxcrtfgvbhy,random,Keyboard pattern
mnbvcxzpoiuytrewq,random,Keyboard sequence
lkjhgfdsaqwertyuiop,random,Keyboard mixed
zxcvbnmlkjhgfdsa,random,Keyboard layout
asdfghjklpoiuytrewq,random,Keyboard reverse
qwertyuioppoiuytrewq,random,Keyboard pattern
hgfdsapoiuytrewq,random,Keyboard gibberish
#@!$%^*()_+qwerty,random,Symbols and keyboard
0987654321poiuytrewq,random,Numbers and letters
qazwsxedcrfvbgtyhnm,random,Keyboard diagonal
plokmijnuhbygvtfc,random,Random keyboard
1q2w3e4r5t6y7u8i9o,random,Letter-number pattern
111zzz222xxx333ccc,random,Repeated pattern
qwertyuiopasdfghjkl,random,Keyboard mixed
a1s2d3f4g5h6j7k8,random,Alternating pattern
z9x8c7v6b5n4m3,random,Random mixed text
abc123def456ghi789jkl,random,Random mixed sequence
111abc222def333ghi,random,Letter-number pattern
q1w2e3r4t5y6u7i,random,Keyboard alternating
l9k8j7h6g5f4d3s2,random,Reverse alternating
z1x2c3v4b5n6m7,random,Random alternating
mnbvcxzasdfghjkl,random,Keyboard mixed
hhhhhhhhhhhhhhhhhhhh,random,Repeated letter
jjjjjjjjjjjjjjjjjjjj,random,Repeated letter
kkkkkkkkkkkkkkkkkkkk,random,Repeated letter
llllllllllllllllllll,random,Repeated letter
77777777777777777777,random,Repeated number
88888888888888888888,random,Repeated number
99999999999999999999,random,Repeated number
00000000000000000000,random,Repeated number
????????????????????,random,Symbol pattern
||||||||||||||||||||,random,Symbol pattern
````````````````````,random,Symbol pattern
~~~!!!@@@###$$$%%%,random,Symbol pattern
":;.,:;.,:;.,:;.,:;.,",random,Alternating punctuation
-=+=+-=+=+-=+=+-=+=,random,Math symbol pattern
([{([{([{([{([{,random,Bracket pattern
)]}])}]])}]])}],random,Bracket pattern
qwertyuiopzxcvbnm,random,Keyboard mixed
asdfghjklqwertyuiop,random,Keyboard mixed
zxcvbnmlkjhgfdsa,random,Keyboard pattern
poiuytrewqlkjhgfds,random,Keyboard reverse

Remote learning requires strong internet infrastructure.,normal,Meaningful educational text
Global warming accelerates polar ice cap melting.,normal,Valid environmental statement
Flexible work arrangements improve employee satisfaction.,normal,Meaningful workplace text
Preventive healthcare reduces long-term medical costs.,normal,Valid health advice
Urban green spaces provide environmental and social benefits.,normal,Meaningful urban text
Digital divides limit access to online opportunities.,normal,Valid social issue statement
Leadership skills are developed through experience and mentorship.,normal,Meaningful professional text
Plant-based proteins are gaining popularity among consumers.,normal,Valid dietary trend text
Lifelong learning helps people adapt to technological changes.,normal,Meaningful educational statement
Clean energy investments create sustainable economic growth.,normal,Valid economic text
Coral bleaching threatens marine biodiversity and tourism.,normal,Meaningful environmental text
Telehealth services have expanded access to medical care.,normal,Valid healthcare statement
Team dynamics affect organizational productivity and morale.,normal,Meaningful workplace text
Freshwater scarcity affects agriculture and human consumption.,normal,Valid environmental text
Technical education bridges the skills gap in industries.,normal,Meaningful educational statement
Social media marketing requires authentic customer engagement.,normal,Valid business text
Severe weather events are increasing due to climate shifts.,normal,Meaningful environmental text
Emotional intelligence enhances professional and personal relationships.,normal,Valid psychological text
Circular economy models reduce waste and promote sustainability.,normal,Meaningful business text
Nuclear medicine plays a role in cancer diagnosis.,normal,Valid medical statement
Conflict resolution skills are essential in the workplace.,normal,Meaningful professional text
Water purification technology improves health in developing regions.,normal,Valid environmental text
Automation will transform repetitive task-based employment.,normal,Meaningful economic text
Cultural exchange programs promote global understanding and tolerance.,normal,Valid social statement
Recycling programs reduce landfill waste and conserve resources.,normal,Meaningful environmental text
Neuroscience advances offer insights into brain function.,normal,Valid scientific text
Home gardening reduces grocery bills and food miles.,normal,Meaningful lifestyle text
Sustainable fashion reduces waste and environmental damage.,normal,Valid business text
Community policing builds trust between citizens and law enforcement.,normal,Meaningful social text
Wildlife corridors protect animal migration routes and habitats.,normal,Valid environmental text
Speech therapy helps children overcome language barriers.,normal,Meaningful medical text
Online marketplaces connect buyers and sellers globally.,normal,Valid business statement
Renewable energy jobs are growing faster than fossil fuel jobs.,normal,Meaningful economic text
Patient advocacy ensures quality healthcare delivery.,normal,Valid medical text
Microlearning modules improve knowledge retention in students.,normal,Meaningful educational text
Solar desalination could solve water scarcity problems.,normal,Valid environmental technology text
Behavioral economics explains consumer decision-making patterns.,normal,Meaningful academic text
Hospitality workers require strong interpersonal skills.,normal,Valid business text
Ecotourism supports conservation and local communities.,normal,Meaningful environmental text
Digital analytics help businesses understand consumer behavior.,normal,Valid business text
Stroke prevention involves managing lifestyle risk factors.,normal,Meaningful medical text
Geothermal energy provides consistent renewable power.,normal,Valid environmental text
Vocational education equips students with practical job skills.,normal,Meaningful educational text
Fair wages contribute to employee retention and morale.,normal,Valid workplace text
Permafrost thawing releases methane into the atmosphere.,normal,Meaningful environmental text
Early intervention improves outcomes for children with disabilities.,normal,Valid social text
Blockchain technology enhances supply chain transparency.,normal,Meaningful business text
Hearing loss affects communication and quality of life.,normal,Valid medical text
Vertical farming maximizes food production in urban areas.,normal,Meaningful agricultural text
Digital identity systems improve financial inclusion.,normal,Valid technology text

sdjfkghskdjfhsdkf,random,Gibberish text
xcmnbvaklsdjfhgwe,random,Random keyboard text
lkjhgfdsaqwertyuiop,random,Meaningless characters
zxcvbnmhgfdsaqwerty,random,Keyboard layout pattern
poiuytrewqasdfghjk,random,Random letter sequence
mnbcxvzskdjfhgwer,random,Random gibberish
qwertyuioplkjhgfdsa,random,Unreadable text
asdfghjklzxcvbnm,random,Random character combination
hgfdsaqwertyuiop,random,Keyboard pattern
poiuytrewqlkjhgfdsa,random,Keyboard sequence
mnbvcxzlkjhgfdsap,random,Keyboard mixed
wertyuioasdfghjkl,random,Keyboard layout
zxcvbnmlkjhgfdsa,random,Keyboard reverse
qwertyuiopasdfghjk,random,Keyboard pattern
hgfdsapoiuytrewq,random,Keyboard gibberish
!@#$%^&*()qwertyuiop,random,Symbols and keyboard
0987654321lkjhgfdsa,random,Numbers and letters
qazwsxedcrfvtgbyhnuj,random,Keyboard diagonal
plmoknijbuhvgycftx,random,Random keyboard
1a2s3d4f5g6h7j8k,random,Letter-number pattern
111qqq222www333eee,random,Repeated pattern
asdfghjklzxcvbnmpoi,random,Keyboard mixed
q1w2e3r4t5y6u7i8,random,Alternating pattern
z2x3c4v5b6n7m8,random,Random mixed text
abc123def456ghi789,random,Random mixed sequence
111xxx222vvv333bbb,random,Letter-number pattern
a1s2d3f4g5h6j7k,random,Keyboard alternating
l8k7j6h5g4f3d2s1,random,Reverse alternating
q1w2e3r4t5y6u,random,Random alternating
mnbvcxzlkjhgfdsa,random,Keyboard mixed
pppppppppppppppppppp,random,Repeated letter
qqqqqqqqqqqqqqqqqqqq,random,Repeated letter
rrrrrrrrrrrrrrrrrrrr,random,Repeated letter
ssssssssssssssssssss,random,Repeated letter
00000000000000000000,random,Repeated number
11111111111111111111,random,Repeated number
22222222222222222222,random,Repeated number
33333333333333333333,random,Repeated number
!!!!!!!!!!!!!!!!!!!!,random,Symbol pattern
@@@@@@@@@@@@@@@@@@@@,random,Symbol pattern
##########$$$$$$$$$$,random,Symbol pattern
%%%%%%%%%%^^^^^^^^^^,random,Symbol pattern
&&&***((()))___+++,random,Random symbol pattern
::;::;::;::;::;::;,random,Punctuation pattern
"'""/./'""/./'""/./'""/",random,Punctuation pattern
12qwer34tyui56op,random,Numbers and keyboard
qwerty123456,random,Keyboard and numbers
asdfghjkl123456,random,Keyboard and numbers
zxcvbnm1234567890,random,Keyboard and numbers
poiuytrewq0987654321,random,Keyboard and numbers

Global trade connects economies and cultures worldwide.,normal,Meaningful economic text
Vaccination programs prevent disease outbreaks effectively.,normal,Valid health statement
Cultural festivals celebrate traditions and community spirit.,normal,Meaningful social text
Hydroelectric power provides clean and renewable energy.,normal,Valid environmental text
Time management improves academic and professional performance.,normal,Meaningful educational text
Zero-waste lifestyles reduce environmental footprints significantly.,normal,Valid environmental statement
Peer tutoring helps students understand complex subjects.,normal,Meaningful educational text
Outdoor recreation promotes physical and mental well-being.,normal,Valid health statement
Corporate social responsibility builds brand trust and loyalty.,normal,Meaningful business text
Eco-friendly packaging reduces plastic pollution in oceans.,normal,Valid environmental text
Foreign direct investment stimulates economic growth in developing nations.,normal,Meaningful economic text
Effective communication prevents misunderstandings in relationships.,normal,Valid social text
Green roofs reduce building energy costs and urban heat.,normal,Meaningful environmental text
Midwifery provides essential care during childbirth.,normal,Valid medical statement
Smart grids optimize electricity distribution and reduce waste.,normal,Meaningful technology text
School meals ensure children receive proper nutrition daily.,normal,Valid social text
Wind turbines generate clean electricity in windy regions.,normal,Meaningful environmental text
Study abroad experiences broaden students' worldviews.,normal,Valid educational text
Animal sanctuaries rescue and rehabilitate endangered species.,normal,Meaningful environmental text
Healthy competition encourages businesses to innovate and improve.,normal,Valid business text
Adequate housing is a fundamental human right for all.,normal,Meaningful social text
Genetic research helps identify treatment for rare diseases.,normal,Valid medical text
Digital nomads work remotely from different locations worldwide.,normal,Meaningful business text
Flood management systems protect communities from natural disasters.,normal,Valid environmental text
Early retirement planning ensures financial security later in life.,normal,Meaningful financial text
Science museums inspire curiosity in young learners.,normal,Valid educational text
Urban trees absorb carbon dioxide and produce oxygen.,normal,Meaningful environmental text
Entrepreneurial skills create economic independence and confidence.,normal,Valid business text
Palliative care improves quality of life for terminally ill patients.,normal,Meaningful medical text
Recycling electronic waste recovers valuable raw materials.,normal,Valid environmental text
Teaching assistants support classroom learning and teacher workload.,normal,Meaningful educational text
Low-carbon technologies reduce greenhouse gas emissions effectively.,normal,Valid environmental statement
Conflict mediation prevents violence and promotes peace.,normal,Meaningful social text
Acupuncture provides alternative treatment for chronic pain.,normal,Valid medical text
Global supply chains face disruptions from geopolitical tensions.,normal,Meaningful economic text
Prescribed exercise programs aid in disease rehabilitation.,normal,Valid health statement
Composting organic waste creates nutrient-rich fertilizer for gardens.,normal,Meaningful environmental text
Ethical investing considers social and environmental impacts.,normal,Valid business text
Online communities provide support for people with shared interests.,normal,Meaningful social text
Biometric security protects personal devices from unauthorized access.,normal,Valid technology text
Glacier melt contributes to rising sea levels worldwide.,normal,Meaningful environmental text
Speechwriting requires clarity and persuasive language skills.,normal,Valid professional text
Emergency hotlines provide immediate crisis support for individuals.,normal,Meaningful social text
Aquaculture offers sustainable seafood farming alternatives.,normal,Valid environmental text
Spousal support helps families maintain stability during transitions.,normal,Meaningful social text
Digital archives preserve historical documents for future generations.,normal,Valid technology text
Natural fiber production supports eco-friendly textile industries.,normal,Meaningful environmental text
Office ergonomics prevent workplace injuries and improve productivity.,normal,Valid professional text
Diplomatic negotiations facilitate international cooperation and problem-solving.,normal,Meaningful political text
Fertilizer management protects water quality from agricultural runoff.,normal,Valid environmental text

jsdkhfkjsdhfkjsdhf,random,Gibberish text
xncmbvasdjfhgwerq,random,Random keyboard text
qwertyuiopmnbvcxza,random,Meaningless characters
asdfghjklhgfdsaqw,random,Keyboard layout pattern
zxcvbnmpoiuytrewq,random,Random letter sequence
lkjhgfdsamnbvcxz,random,Random gibberish
poiuytrewqasdfghj,random,Unreadable text
mnbvcxzlkjhgfdsa,random,Random character combination
qwertyuioplkjhgfd,random,Keyboard pattern
asdfghjklzxcvbnm,random,Keyboard sequence
hgfdsaqwertyuiop,random,Keyboard mixed
zxcvbnmkljhgfdsa,random,Keyboard layout
poiuytrewqlkjhgfds,random,Keyboard reverse
mnbvcxzasdfghjkl,random,Keyboard pattern
hgfdsapoiuytrewq,random,Keyboard gibberish
@#$%^&*()_+qwerty,random,Symbols and keyboard
1234567890asdfghjkl,random,Numbers and letters
qazxswedcvfrtgbnhy,random,Keyboard diagonal
plokmijnuhbygvftc,random,Random keyboard
1q2w3e4r5t6y7u8i9o,random,Letter-number pattern
111aaa222bbb333ccc,random,Repeated pattern
qwertyuiopasdfghjkl,random,Keyboard mixed
z1x2c3v4b5n6m7,random,Alternating pattern
q2w3e4r5t6y7u8i,random,Random mixed text
abc456def789ghi123jkl,random,Random mixed sequence
111xxx222vvv333ccc,random,Letter-number pattern
a1s2d3f4g5h6j7k,random,Keyboard alternating
l8k7j6h5g4f3d2s,random,Reverse alternating
q1w2e3r4t5y6,random,Random alternating
mnbvcxzpoiuytrewq,random,Keyboard mixed
mmmmmmmmmmmmmmmmmmmm,random,Repeated letter
nnnnnnnnnnnnnnnnnnnn,random,Repeated letter
oooooooooooooooooooo,random,Repeated letter
pppppppppppppppppppp,random,Repeated letter
55555555555555555555,random,Repeated number
66666666666666666666,random,Repeated number
77777777777777777777,random,Repeated number
88888888888888888888,random,Repeated number
????????????????????,random,Symbol pattern
}}}}}}}}}}}}}}}}}}}},random,Symbol pattern
{{{{{{{{{{{{{{{{{{{{,random,Symbol pattern
>>>>>>>>>>>>>>>>>>>>,random,Symbol pattern
<<<<<<<<<<<<<<<<<<<<,random,Symbol pattern
:;.:;.:;.:;.:;.:;.,random,Punctuation pattern
"'.,'.,'.,'.,'.,'.,",random,Punctuation pattern
123qweasdzxc456,random,Numbers and keyboard
qwerty1234567890,random,Keyboard and numbers
asdfghjkl0987654321,random,Keyboard and numbers
zxcvbnm1234567890,random,Keyboard and numbers
poiuytrewq0987654321,random,Keyboard and numbers
