topic,essay,label,reason
Advantages and disadvantages of social media,Social media helps people communicate quickly but excessive use can reduce face-to-face interaction.,relevant,Addresses the topic
Advantages and disadvantages of social media,Social media allows businesses to reach more customers but misinformation is a challenge.,relevant,Relevant discussion
Advantages and disadvantages of social media,People can learn new skills through social media although privacy remains a concern.,relevant,Relevant response
Advantages and disadvantages of social media,Using social media makes it easier to stay connected with friends and family.,relevant,Relevant answer
Advantages and disadvantages of social media,Mount Everest is the highest mountain in the world.,irrelevant,Wrong topic
Advantages and disadvantages of social media,I like eating pizza every weekend.,irrelevant,Off-topic

Should students wear school uniforms,School uniforms promote equality and reduce competition among students.,relevant,Addresses the topic
Should students wear school uniforms,Uniforms help students focus on learning instead of fashion.,relevant,Relevant answer
Should students wear school uniforms,Although uniforms limit self-expression they create discipline.,relevant,Relevant discussion
Should students wear school uniforms,Many schools require uniforms to create a professional environment.,relevant,Relevant response
Should students wear school uniforms,Technology has changed modern transportation.,irrelevant,Different topic
Should students wear school uniforms,I enjoy watching football matches with my friends.,irrelevant,Off-topic

Climate change,Climate change causes rising temperatures and more extreme weather events.,relevant,Relevant essay
Climate change,Governments should reduce carbon emissions and promote renewable energy.,relevant,Relevant discussion
Climate change,Individuals can help by recycling and reducing waste.,relevant,Relevant answer
Climate change,Global warming affects agriculture wildlife and human health.,relevant,Relevant response
Climate change,My favorite movie is very interesting.,irrelevant,Wrong topic
Climate change,Cars are becoming more comfortable every year.,irrelevant,Off-topic

Online education,Online learning offers flexibility for students with busy schedules.,relevant,Relevant essay
Online education,Students can study from anywhere using online education.,relevant,Relevant answer
Online education,Although online learning is convenient it requires self-discipline.,relevant,Relevant discussion
Online education,Technology has improved access to quality education online.,relevant,Relevant response
Online education,Nepal has many beautiful mountains.,irrelevant,Different topic
Online education,I like playing basketball every evening.,irrelevant,Off-topic

Tourism in Nepal,Tourism contributes significantly to Nepal's economy.,relevant,Relevant essay
Tourism in Nepal,The Himalayas attract thousands of international visitors every year.,relevant,Relevant answer
Tourism in Nepal,Improving infrastructure can increase tourism in Nepal.,relevant,Relevant discussion
Tourism in Nepal,Cultural heritage sites encourage more tourists to visit Nepal.,relevant,Relevant response
Tourism in Nepal,Students should wear uniforms at school.,irrelevant,Wrong topic
Tourism in Nepal,My computer is very fast.,irrelevant,Off-topic

Importance of physical exercise,Regular exercise improves physical and mental health.,relevant,Relevant essay
Importance of physical exercise,People who exercise regularly have lower health risks.,relevant,Relevant answer
Importance of physical exercise,Exercise helps reduce stress and improves concentration.,relevant,Relevant discussion
Importance of physical exercise,Daily physical activity promotes a healthy lifestyle.,relevant,Relevant response
Importance of physical exercise,Online shopping is becoming more popular.,irrelevant,Wrong topic
Importance of physical exercise,I visited Pokhara during my vacation.,irrelevant,Off-topic

Artificial intelligence in education,Artificial intelligence can personalize learning for students.,relevant,Relevant essay
Artificial intelligence in education,AI helps teachers identify students who need additional support.,relevant,Relevant answer
Artificial intelligence in education,Although AI improves learning teachers remain important.,relevant,Relevant discussion
Artificial intelligence in education,Educational technology increases learning efficiency.,relevant,Relevant response
Artificial intelligence in education,My favorite animal is a dog.,irrelevant,Different topic
Artificial intelligence in education,I usually wake up at six every morning.,irrelevant,Off-topic

Public transportation,Public transportation reduces traffic congestion and pollution.,relevant,Relevant essay
Public transportation,Governments should invest more in buses and railways.,relevant,Relevant answer
Public transportation,Efficient public transport improves economic productivity.,relevant,Relevant discussion
Public transportation,Affordable transportation benefits low-income families.,relevant,Relevant response
Public transportation,I enjoy reading science fiction books.,irrelevant,Wrong topic
Public transportation,The weather was sunny yesterday.,irrelevant,Off-topic

Healthy eating habits,A balanced diet improves overall health and prevents disease.,relevant,Relevant essay
Healthy eating habits,Eating fruits and vegetables supports a healthy lifestyle.,relevant,Relevant answer
Healthy eating habits,People should reduce sugar and processed food consumption.,relevant,Relevant discussion
Healthy eating habits,Healthy eating combined with exercise leads to better wellbeing.,relevant,Relevant response
Healthy eating habits,The internet has changed communication.,irrelevant,Different topic
Healthy eating habits,My brother plays cricket every weekend.,irrelevant,Off-topic

The impact of technology on society,Technology has improved communication healthcare and education.,relevant,Relevant essay
The impact of technology on society,Modern technology increases productivity in many industries.,relevant,Relevant answer
The impact of technology on society,Although technology offers many benefits it also raises privacy concerns.,relevant,Relevant discussion
The impact of technology on society,Digital innovation has transformed everyday life.,relevant,Relevant response
The impact of technology on society,I like chocolate ice cream.,irrelevant,Wrong topic
The impact of technology on society,My uncle works in Australia.,irrelevant,Off-topic

Should governments invest more in renewable energy,Governments should prioritize renewable energy to reduce pollution.,relevant,Addresses the topic
Should governments invest more in renewable energy,Renewable energy reduces dependence on fossil fuels.,relevant,Relevant discussion
Should governments invest more in renewable energy,Solar and wind energy are sustainable for the future.,relevant,Relevant answer
Should governments invest more in renewable energy,Investment in green energy creates new employment opportunities.,relevant,Relevant response
Should governments invest more in renewable energy,I like watching movies on weekends.,irrelevant,Wrong topic
Should governments invest more in renewable energy,The table is made of wood.,irrelevant,Off-topic

Benefits of learning a second language,Learning a second language improves cognitive abilities.,relevant,Addresses the topic
Benefits of learning a second language,Bilingual individuals have better career opportunities.,relevant,Relevant discussion
Benefits of learning a second language,Speaking multiple languages helps in international travel.,relevant,Relevant answer
Benefits of learning a second language,Language learning enhances communication and cultural understanding.,relevant,Relevant response
Benefits of learning a second language,My house has a beautiful garden.,irrelevant,Wrong topic
Benefits of learning a second language,I eat rice every day.,irrelevant,Off-topic

Should animals be kept in zoos,Zoological parks protect endangered species from extinction.,relevant,Addresses the topic
Should animals be kept in zoos,Zoos provide education and awareness about wildlife.,relevant,Relevant discussion
Should animals be kept in zoos,Ethical concerns arise about animal captivity in zoos.,relevant,Relevant answer
Should animals be kept in zoos,Modern zoos should focus on conservation and animal welfare.,relevant,Relevant response
Should animals be kept in zoos,My favorite subject is mathematics.,irrelevant,Wrong topic
Should animals be kept in zoos,The sky is very blue today.,irrelevant,Off-topic

Advantages and disadvantages of working from home,Working from home offers flexibility and work-life balance.,relevant,Addresses the topic
Advantages and disadvantages of working from home,Remote work reduces commuting time and expenses.,relevant,Relevant discussion
Advantages and disadvantages of working from home,Lack of social interaction is a major drawback of remote work.,relevant,Relevant answer
Advantages and disadvantages of working from home,Home offices improve productivity and comfort.,relevant,Relevant response
Advantages and disadvantages of working from home,I love playing football with friends.,irrelevant,Wrong topic
Advantages and disadvantages of working from home,The coffee is very hot.,irrelevant,Off-topic

Importance of preserving traditional culture,Preserving traditional culture strengthens national identity.,relevant,Addresses the topic
Importance of preserving traditional culture,Cultural heritage passes knowledge to future generations.,relevant,Relevant discussion
Importance of preserving traditional culture,Traditions and festivals unite communities.,relevant,Relevant answer
Importance of preserving traditional culture,Globalization threatens many traditional practices.,relevant,Relevant response
Importance of preserving traditional culture,My car is very expensive.,irrelevant,Wrong topic
Importance of preserving traditional culture,I drink tea every morning.,irrelevant,Off-topic

Effects of fast food on health,Consuming fast food regularly leads to health problems.,relevant,Addresses the topic
Effects of fast food on health,High-calorie fast food contributes to obesity.,relevant,Relevant discussion
Effects of fast food on health,Processed food increases the risk of heart disease.,relevant,Relevant answer
Effects of fast food on health,Healthy food choices prevent chronic diseases.,relevant,Relevant response
Effects of fast food on health,The mountain is very tall.,irrelevant,Wrong topic
Effects of fast food on health,My brother is a pilot.,irrelevant,Off-topic

Should children have mobile phones,Mobile phones help parents stay in touch with children.,relevant,Addresses the topic
Should children have mobile phones,Children can access educational apps and resources.,relevant,Relevant discussion
Should children have mobile phones,Excessive screen time can harm children's development.,relevant,Relevant answer
Should children have mobile phones,Parental guidance is important for responsible phone use.,relevant,Relevant response
Should children have mobile phones,I like sleeping in the afternoon.,irrelevant,Wrong topic
Should children have mobile phones,The river flows very fast.,irrelevant,Off-topic

Impact of social media on relationships,Social media connects people across long distances.,relevant,Addresses the topic
Impact of social media on relationships,Online communication can strengthen friendships.,relevant,Relevant discussion
Impact of social media on relationships,Excessive social media use reduces face-to-face interaction.,relevant,Relevant answer
Impact of social media on relationships,Social platforms help maintain family connections.,relevant,Relevant response
Impact of social media on relationships,My favorite food is pizza.,irrelevant,Wrong topic
Impact of social media on relationships,The lamp is very bright.,irrelevant,Off-topic

Benefits of regular meditation,Meditation reduces stress and improves concentration.,relevant,Addresses the topic
Benefits of regular meditation,Regular practice enhances mental clarity.,relevant,Relevant discussion
Benefits of regular meditation,Meditation promotes emotional wellbeing and peace.,relevant,Relevant answer
Benefits of regular meditation,People who meditate often have better sleep quality.,relevant,Relevant response
Benefits of regular meditation,I enjoy watching cricket matches.,irrelevant,Wrong topic
Benefits of regular meditation,The floor is very clean.,irrelevant,Off-topic

Should governments regulate the internet,Internet regulation prevents cyber crimes and fraud.,relevant,Addresses the topic
Should governments regulate the internet,Regulation protects privacy and personal data.,relevant,Relevant discussion
Should governments regulate the internet,Overregulation can limit freedom of expression.,relevant,Relevant answer
Should governments regulate the internet,Governments should balance security and freedom online.,relevant,Relevant response
Should governments regulate the internet,My uncle is a businessman.,irrelevant,Wrong topic
Should governments regulate the internet,I walk to school every day.,irrelevant,Off-topic

Importance of water conservation,Water conservation ensures resources for future generations.,relevant,Addresses the topic
Importance of water conservation,Reducing water wastage protects the environment.,relevant,Relevant discussion
Importance of water conservation,Everyone should practice rainwater harvesting.,relevant,Relevant answer
Importance of water conservation,Conserving water reduces the impact of droughts.,relevant,Relevant response
Importance of water conservation,My favorite color is blue.,irrelevant,Wrong topic
Importance of water conservation,The chair is very comfortable.,irrelevant,Off-topic

Advantages and disadvantages of nuclear energy,Nuclear energy produces low carbon emissions.,relevant,Addresses the topic
Advantages and disadvantages of nuclear energy,Nuclear power offers a reliable energy source.,relevant,Relevant discussion
Advantages and disadvantages of nuclear energy,Nuclear waste disposal is a major environmental concern.,relevant,Relevant answer
Advantages and disadvantages of nuclear energy,Safety concerns make nuclear energy controversial.,relevant,Relevant response
Advantages and disadvantages of nuclear energy,I love singing in my free time.,irrelevant,Wrong topic
Advantages and disadvantages of nuclear energy,The window is very large.,irrelevant,Off-topic

Should sports be compulsory in schools,Physical education promotes fitness and teamwork.,relevant,Addresses the topic
Should sports be compulsory in schools,Schools should include sports in their curriculum.,relevant,Relevant discussion
Should sports be compulsory in schools,Sports help students develop discipline and leadership.,relevant,Relevant answer
Should sports be compulsory in schools,Compulsory sports can improve overall student health.,relevant,Relevant response
Should sports be compulsory in schools,My phone is very expensive.,irrelevant,Wrong topic
Should sports be compulsory in schools,I drink juice every evening.,irrelevant,Off-topic

Impact of globalization on culture,Globalization spreads cultural awareness and diversity.,relevant,Addresses the topic
Impact of globalization on culture,International exchange enriches local traditions.,relevant,Relevant discussion
Impact of globalization on culture,Local cultures sometimes decline due to globalization.,relevant,Relevant answer
Impact of globalization on culture,Globalization creates a more connected world.,relevant,Relevant response
Impact of globalization on culture,My sister is a nurse.,irrelevant,Wrong topic
Impact of globalization on culture,The carpet is very soft.,irrelevant,Off-topic

Benefits of reading books regularly,Reading regularly improves vocabulary and knowledge.,relevant,Addresses the topic
Benefits of reading books regularly,Books reduce stress and enhance imagination.,relevant,Relevant discussion
Benefits of reading books regularly,Reading develops critical thinking skills.,relevant,Relevant answer
Benefits of reading books regularly,Regular readers perform better in academics.,relevant,Relevant response
Benefits of reading books regularly,I like playing video games.,irrelevant,Wrong topic
Benefits of reading books regularly,The road is very long.,irrelevant,Off-topic

Should fast food advertising be banned,Banning fast food ads can reduce childhood obesity.,relevant,Addresses the topic
Should fast food advertising be banned,Advertising influences unhealthy eating habits.,relevant,Relevant discussion
Should fast food advertising be banned,Governments should restrict junk food marketing.,relevant,Relevant answer
Should fast food advertising be banned,Advertisements promote excessive consumption of processed food.,relevant,Relevant response
Should fast food advertising be banned,My cousin is a doctor.,irrelevant,Wrong topic
Should fast food advertising be banned,The sun is very bright.,irrelevant,Off-topic

Importance of financial literacy,Financial literacy helps people manage money wisely.,relevant,Addresses the topic
Importance of financial literacy,Understanding finance prevents debt problems.,relevant,Relevant discussion
Importance of financial literacy,Schools should teach students about money management.,relevant,Relevant answer
Importance of financial literacy,Financial education leads to better investment decisions.,relevant,Relevant response
Importance of financial literacy,I enjoy hiking in the mountains.,irrelevant,Wrong topic
Importance of financial literacy,The glass is very clean.,irrelevant,Off-topic

Advantages and disadvantages of space exploration,Space exploration advances scientific knowledge and technology.,relevant,Addresses the topic
Advantages and disadvantages of space exploration,Discoveries in space benefit life on Earth.,relevant,Relevant discussion
Advantages and disadvantages of space exploration,Space missions are very expensive and risky.,relevant,Relevant answer
Advantages and disadvantages of space exploration,Space research inspires future generations.,relevant,Relevant response
Advantages and disadvantages of space exploration,My favorite animal is a dog.,irrelevant,Wrong topic
Advantages and disadvantages of space exploration,I wake up at 6 AM daily.,irrelevant,Off-topic

Should schools teach coding classes,Teaching coding prepares students for future careers.,relevant,Addresses the topic
Should schools teach coding classes,Computer skills are essential in the digital age.,relevant,Relevant discussion
Should schools teach coding classes,Coding develops problem-solving skills.,relevant,Relevant answer
Should schools teach coding classes,Early exposure to technology encourages innovation.,relevant,Relevant response
Should schools teach coding classes,The mountain has beautiful scenery.,irrelevant,Wrong topic
Should schools teach coding classes,I eat breakfast every morning.,irrelevant,Off-topic

Impact of deforestation on the environment,Deforestation contributes to climate change and habitat loss.,relevant,Addresses the topic
Impact of deforestation on the environment,Loss of forests leads to soil erosion.,relevant,Relevant discussion
Impact of deforestation on the environment,Forests absorb carbon dioxide and produce oxygen.,relevant,Relevant answer
Impact of deforestation on the environment,Protecting forests is essential for environmental balance.,relevant,Relevant response
Impact of deforestation on the environment,I like traveling by train.,irrelevant,Wrong topic
Impact of deforestation on the environment,The desk is very heavy.,irrelevant,Off-topic

Benefits of volunteering in the community,Volunteering builds stronger and more connected communities.,relevant,Addresses the topic
Benefits of volunteering in the community,Helping others brings personal satisfaction and growth.,relevant,Relevant discussion
Benefits of volunteering in the community,Community service develops empathy and leadership skills.,relevant,Relevant answer
Benefits of volunteering in the community,Volunteering creates positive social change.,relevant,Relevant response
Benefits of volunteering in the community,My brother is a mechanic.,irrelevant,Wrong topic
Benefits of volunteering in the community,The tree is very tall.,irrelevant,Off-topic

Should exams be abolished in schools,Exams measure student performance effectively.,relevant,Addresses the topic
Should exams be abolished in schools,Exams cause stress and anxiety among students.,relevant,Relevant discussion
Should exams be abolished in schools,Alternative assessments may be more beneficial.,relevant,Relevant answer
Should exams be abolished in schools,Exams ensure academic standards are maintained.,relevant,Relevant response
Should exams be abolished in schools,I love watching cricket.,irrelevant,Wrong topic
Should exams be abolished in schools,The water is very cold.,irrelevant,Off-topic

Impact of air pollution on health,Air pollution causes respiratory diseases and allergies.,relevant,Addresses the topic
Impact of air pollution on health,Poor air quality increases hospital admissions.,relevant,Relevant discussion
Impact of air pollution on health,Reducing emissions improves public health.,relevant,Relevant answer
Impact of air pollution on health,Long-term exposure to pollution is harmful.,relevant,Relevant response
Impact of air pollution on health,My uncle is a teacher.,irrelevant,Wrong topic
Impact of air pollution on health,The door is very old.,irrelevant,Off-topic

Advantages of learning music,Learning music enhances cognitive abilities and memory.,relevant,Addresses the topic
Advantages of learning music,Music education improves discipline and patience.,relevant,Relevant discussion
Advantages of learning music,Playing instruments reduces stress and anxiety.,relevant,Relevant answer
Advantages of learning music,Musical skills promote creativity and self-expression.,relevant,Relevant response
Advantages of learning music,I like eating ice cream.,irrelevant,Wrong topic
Advantages of learning music,The wall is painted white.,irrelevant,Off-topic

Should plastic bags be banned,Banning plastic bags reduces environmental pollution.,relevant,Addresses the topic
Should plastic bags be banned,Plastic bags harm wildlife and marine life.,relevant,Relevant discussion
Should plastic bags be banned,Reusable bags are better for the environment.,relevant,Relevant answer
Should plastic bags be banned,Governments should enforce plastic bag bans.,relevant,Relevant response
Should plastic bags be banned,My sister is a lawyer.,irrelevant,Wrong topic
Should plastic bags be banned,The lamp is very small.,irrelevant,Off-topic

Should the government fund public libraries,Public libraries provide free access to knowledge and education.,relevant,Addresses the topic
Should the government fund public libraries,Libraries are important community spaces for learning.,relevant,Relevant discussion
Should the government fund public libraries,Government funding ensures equal access to information.,relevant,Relevant answer
Should the government fund public libraries,I like watching movies on weekends.,irrelevant,Wrong topic
Should the government fund public libraries,The coffee is very hot today.,irrelevant,Off-topic
Should the government fund public libraries,My father is a businessman.,irrelevant,Unrelated

Benefits of traveling abroad,Traveling abroad exposes people to new cultures and perspectives.,relevant,Addresses the topic
Benefits of traveling abroad,International travel improves language skills.,relevant,Relevant discussion
Benefits of traveling abroad,Exploring new countries creates lasting memories.,relevant,Relevant answer
Benefits of traveling abroad,I enjoy eating pizza every day.,irrelevant,Wrong topic
Benefits of traveling abroad,The sun is very bright today.,irrelevant,Off-topic
Benefits of traveling abroad,My brother plays football.,irrelevant,Unrelated

Should homework be banned,Homework reinforces what students learn in school.,relevant,Addresses the topic
Should homework be banned,Excessive homework causes stress in students.,relevant,Relevant discussion
Should homework be banned,A balanced approach to homework is beneficial.,relevant,Relevant answer
Should homework be banned,My favorite color is green.,irrelevant,Wrong topic
Should homework be banned,The door is very heavy.,irrelevant,Off-topic
Should homework be banned,I wake up at 7 AM daily.,irrelevant,Unrelated

Impact of plastic pollution,Plastic waste harms marine ecosystems and wildlife.,relevant,Addresses the topic
Impact of plastic pollution,Reducing plastic use protects the environment.,relevant,Relevant discussion
Impact of plastic pollution,Plastic pollution threatens biodiversity in oceans.,relevant,Relevant answer
Impact of plastic pollution,I love playing cricket in the evening.,irrelevant,Wrong topic
Impact of plastic pollution,The chair is very comfortable.,irrelevant,Off-topic
Impact of plastic pollution,My aunt is a nurse.,irrelevant,Unrelated

Advantages of starting a business,Starting a business offers independence and financial freedom.,relevant,Addresses the topic
Advantages of starting a business,Entrepreneurship creates job opportunities for others.,relevant,Relevant discussion
Advantages of starting a business,Business ownership leads to personal growth.,relevant,Relevant answer
Advantages of starting a business,I like reading fantasy novels.,irrelevant,Wrong topic
Advantages of starting a business,The river flows very fast.,irrelevant,Off-topic
Advantages of starting a business,My cousin is a doctor.,irrelevant,Unrelated

Should schools teach financial management,Financial education prepares students for adult life.,relevant,Addresses the topic
Should schools teach financial management,Teaching budgeting and saving is essential.,relevant,Relevant discussion
Should schools teach financial management,Financial literacy reduces debt problems.,relevant,Relevant answer
Should schools teach financial management,I enjoy hiking in the mountains.,irrelevant,Wrong topic
Should schools teach financial management,The glass is very clean.,irrelevant,Off-topic
Should schools teach financial management,My uncle is a pilot.,irrelevant,Unrelated

Effects of urbanization,Urbanization leads to better infrastructure and services.,relevant,Addresses the topic
Effects of urbanization,City growth creates economic opportunities.,relevant,Relevant discussion
Effects of urbanization,Urban expansion often causes environmental problems.,relevant,Relevant answer
Effects of urbanization,My favorite food is noodles.,irrelevant,Wrong topic
Effects of urbanization,The lamp is very bright.,irrelevant,Off-topic
Effects of urbanization,My sister is a teacher.,irrelevant,Unrelated

Importance of early childhood education,Early education builds a strong foundation for learning.,relevant,Addresses the topic
Importance of early childhood education,Children learn social skills through early education.,relevant,Relevant discussion
Importance of early childhood education,Investing in early education benefits society.,relevant,Relevant answer
Importance of early childhood education,I like swimming in the pool.,irrelevant,Wrong topic
Importance of early childhood education,The floor is very cold.,irrelevant,Off-topic
Importance of early childhood education,My brother is a mechanic.,irrelevant,Unrelated

Should governments encourage organic farming,Organic farming promotes healthier food production.,relevant,Addresses the topic
Should governments encourage organic farming,Government support for organic farming is beneficial.,relevant,Relevant discussion
Should governments encourage organic farming,Organic farming reduces chemical pollution.,relevant,Relevant answer
Should governments encourage organic farming,I enjoy watching television shows.,irrelevant,Wrong topic
Should governments encourage organic farming,The road is very bumpy.,irrelevant,Off-topic
Should governments encourage organic farming,My cousin is a lawyer.,irrelevant,Unrelated

Benefits of team sports,Team sports teach cooperation and communication.,relevant,Addresses the topic
Benefits of team sports,Playing in a team builds friendships and trust.,relevant,Relevant discussion
Benefits of team sports,Team sports develop leadership abilities.,relevant,Relevant answer
Benefits of team sports,I like eating chocolate cake.,irrelevant,Wrong topic
Benefits of team sports,The window is very small.,irrelevant,Off-topic
Benefits of team sports,My uncle is a farmer.,irrelevant,Unrelated

Impact of video games on children,Video games improve problem-solving skills in children.,relevant,Addresses the topic
Impact of video games on children,Excessive gaming can lead to addiction.,relevant,Relevant discussion
Impact of video games on children,Parents should monitor gaming habits carefully.,relevant,Relevant answer
Impact of video games on children,My favorite season is summer.,irrelevant,Wrong topic
Impact of video games on children,The carpet is very soft.,irrelevant,Off-topic
Impact of video games on children,My sister is a dentist.,irrelevant,Unrelated

Should single-use plastics be banned,Plastic bans help protect the environment.,relevant,Addresses the topic
Should single-use plastics be banned,Eliminating single-use plastics is essential.,relevant,Relevant discussion
Should single-use plastics be banned,Banning plastics reduces ocean pollution.,relevant,Relevant answer
Should single-use plastics be banned,I love traveling to new places.,irrelevant,Wrong topic
Should single-use plastics be banned,The tree is very old.,irrelevant,Off-topic
Should single-use plastics be banned,My brother is a businessman.,irrelevant,Unrelated

Importance of mental health awareness,Mental health awareness reduces stigma and encourages support.,relevant,Addresses the topic
Importance of mental health awareness,Recognizing mental health issues is important.,relevant,Relevant discussion
Importance of mental health awareness,Better mental health leads to happier lives.,relevant,Relevant answer
Importance of mental health awareness,I enjoy playing the guitar.,irrelevant,Wrong topic
Importance of mental health awareness,The table is very round.,irrelevant,Off-topic
Importance of mental health awareness,My cousin is an engineer.,irrelevant,Unrelated

Advantages of public parks,Public parks provide spaces for recreation and exercise.,relevant,Addresses the topic
Advantages of public parks,Parks improve community wellbeing and environment.,relevant,Relevant discussion
Advantages of public parks,Green spaces reduce stress and pollution.,relevant,Relevant answer
Advantages of public parks,I like eating burgers sometimes.,irrelevant,Wrong topic
Advantages of public parks,The chair is very heavy.,irrelevant,Off-topic
Advantages of public parks,My aunt is a mechanic.,irrelevant,Unrelated

Should schools teach arts and music,Arts and music education fosters creativity in students.,relevant,Addresses the topic
Should schools teach arts and music,Creative subjects develop emotional expression.,relevant,Relevant discussion
Should schools teach arts and music,Learning music enhances cognitive development.,relevant,Relevant answer
Should schools teach arts and music,I love watching cricket matches.,irrelevant,Wrong topic
Should schools teach arts and music,The wall is very high.,irrelevant,Off-topic
Should schools teach arts and music,My uncle is a lawyer.,irrelevant,Unrelated

Impact of industrial farming,Industrial farming increases food production efficiency.,relevant,Addresses the topic
Impact of industrial farming,Farming methods can harm the environment.,relevant,Relevant discussion
Impact of industrial farming,Sustainable farming practices are important.,relevant,Relevant answer
Impact of industrial farming,My favorite subject is science.,irrelevant,Wrong topic
Impact of industrial farming,The mountain is very beautiful.,irrelevant,Off-topic
Impact of industrial farming,My brother is a pilot.,irrelevant,Unrelated

Benefits of learning online,Online learning offers flexibility for students.,relevant,Addresses the topic
Benefits of learning online,Digital education provides access to global resources.,relevant,Relevant discussion
Benefits of learning online,Online courses accommodate busy schedules.,relevant,Relevant answer
Benefits of learning online,I enjoy swimming in the sea.,irrelevant,Wrong topic
Benefits of learning online,The glass is very shiny.,irrelevant,Off-topic
Benefits of learning online,My sister is a nurse.,irrelevant,Unrelated

Should we use animals for scientific research,Animal research has contributed to medical advancements.,relevant,Addresses the topic
Should we use animals for scientific research,Alternatives to animal testing should be explored.,relevant,Relevant discussion
Should we use animals for scientific research,Ethical treatment of animals is essential.,relevant,Relevant answer
Should we use animals for scientific research,I like reading adventure stories.,irrelevant,Wrong topic
Should we use animals for scientific research,The door is very wide.,irrelevant,Off-topic
Should we use animals for scientific research,My cousin is a teacher.,irrelevant,Unrelated

Importance of vocational training,Vocational training prepares students for practical careers.,relevant,Addresses the topic
Importance of vocational training,Skill-based education reduces unemployment.,relevant,Relevant discussion
Importance of vocational training,Technical education supports economic growth.,relevant,Relevant answer
Importance of vocational training,I enjoy cycling in the park.,irrelevant,Wrong topic
Importance of vocational training,The floor is very dirty.,irrelevant,Off-topic
Importance of vocational training,My uncle is a businessman.,irrelevant,Unrelated

Advantages of urban gardening,Urban gardening provides fresh food and green spaces.,relevant,Addresses the topic
Advantages of urban gardening,Gardening in cities improves air quality.,relevant,Relevant discussion
Advantages of urban gardening,Community gardens bring people together.,relevant,Relevant answer
Advantages of urban gardening,I like watching movies at home.,irrelevant,Wrong topic
Advantages of urban gardening,The chair is very small.,irrelevant,Off-topic
Advantages of urban gardening,My aunt is a doctor.,irrelevant,Unrelated

Should governments tax unhealthy food,Taxing unhealthy food encourages healthier eating.,relevant,Addresses the topic
Should governments tax unhealthy food,Sugar taxes can reduce obesity rates.,relevant,Relevant discussion
Should governments tax unhealthy food,Fiscal policies influence consumer food choices.,relevant,Relevant answer
Should governments tax unhealthy food,I enjoy playing chess sometimes.,irrelevant,Wrong topic
Should governments tax unhealthy food,The river is very clean.,irrelevant,Off-topic
Should governments tax unhealthy food,My brother is a lawyer.,irrelevant,Unrelated

Impact of remote learning,Remote learning increases educational accessibility.,relevant,Addresses the topic
Impact of remote learning,Digital learning offers varied resources.,relevant,Relevant discussion
Impact of remote learning,Students need discipline for online learning.,relevant,Relevant answer
Impact of remote learning,I like dancing in my free time.,irrelevant,Wrong topic
Impact of remote learning,The lamp is very dim.,irrelevant,Off-topic
Impact of remote learning,My cousin is a mechanic.,irrelevant,Unrelated

Benefits of preserving historical buildings,Historical buildings preserve cultural identity.,relevant,Addresses the topic
Benefits of preserving historical buildings,Heritage sites attract tourism and investment.,relevant,Relevant discussion
Benefits of preserving historical buildings,Old buildings teach us about history.,relevant,Relevant answer
Benefits of preserving historical buildings,I enjoy cooking various dishes.,irrelevant,Wrong topic
Benefits of preserving historical buildings,The window is very tall.,irrelevant,Off-topic
Benefits of preserving historical buildings,My sister is a doctor.,irrelevant,Unrelated

Should children learn to cook at school,Cooking skills are essential for healthy living.,relevant,Addresses the topic
Should children learn to cook at school,Teaching cooking promotes healthy eating habits.,relevant,Relevant discussion
Should children learn to cook at school,Home economics classes are valuable for students.,relevant,Relevant answer
Should children learn to cook at school,I like playing basketball outdoors.,irrelevant,Wrong topic
Should children learn to cook at school,The road is very straight.,irrelevant,Off-topic
Should children learn to cook at school,My uncle is a teacher.,irrelevant,Unrelated

Impact of mobile phones on communication,Mobile phones enable instant global communication.,relevant,Addresses the topic
Impact of mobile phones on communication,Smartphones connect people across distances.,relevant,Relevant discussion
Impact of mobile phones on communication,Excessive phone use reduces real conversations.,relevant,Relevant answer
Impact of mobile phones on communication,I enjoy listening to music often.,irrelevant,Wrong topic
Impact of mobile phones on communication,The table is very old.,irrelevant,Off-topic
Impact of mobile phones on communication,My cousin is a pilot.,irrelevant,Unrelated

Should governments invest in public healthcare,Public healthcare ensures medical access for all citizens.,relevant,Addresses the topic
Should governments invest in public healthcare,Government investment improves hospital infrastructure.,relevant,Relevant discussion
Should governments invest in public healthcare,Healthcare funding saves lives and prevents disease.,relevant,Relevant answer
Should governments invest in public healthcare,I like watching football matches.,irrelevant,Wrong topic
Should governments invest in public healthcare,The sun is very bright today.,irrelevant,Off-topic
Should governments invest in public healthcare,My sister is a teacher.,irrelevant,Unrelated

Importance of recycling waste,Recycling reduces landfill waste and pollution.,relevant,Addresses the topic
Importance of recycling waste,Separating waste helps conserve natural resources.,relevant,Relevant discussion
Importance of recycling waste,Recycling programs benefit communities and environment.,relevant,Relevant answer
Importance of recycling waste,I enjoy playing video games.,irrelevant,Wrong topic
Importance of recycling waste,The coffee is very strong.,irrelevant,Off-topic
Importance of recycling waste,My brother is a businessman.,irrelevant,Unrelated

Advantages of learning to drive,Driving provides independence and mobility.,relevant,Addresses the topic
Advantages of learning to drive,Knowing how to drive is a valuable skill.,relevant,Relevant discussion
Advantages of learning to drive,Driving makes commuting easier and faster.,relevant,Relevant answer
Advantages of learning to drive,I like eating ice cream daily.,irrelevant,Wrong topic
Advantages of learning to drive,The window is very clean.,irrelevant,Off-topic
Advantages of learning to drive,My uncle is a farmer.,irrelevant,Unrelated

Should college education be free,Free education promotes equal opportunities for all.,relevant,Addresses the topic
Should college education be free,Free college reduces student debt burden.,relevant,Relevant discussion
Should college education be free,Education is a basic right and should be free.,relevant,Relevant answer
Should college education be free,I enjoy going to the gym.,irrelevant,Wrong topic
Should college education be free,The floor is very shiny.,irrelevant,Off-topic
Should college education be free,My cousin is a lawyer.,irrelevant,Unrelated

Impact of electric vehicles,EVs reduce air pollution and emissions.,relevant,Addresses the topic
Impact of electric vehicles,Electric cars are environmentally friendly.,relevant,Relevant discussion
Impact of electric vehicles,Battery disposal is a challenge for EVs.,relevant,Relevant answer
Impact of electric vehicles,I like reading mystery novels.,irrelevant,Wrong topic
Impact of electric vehicles,The tree is very colorful.,irrelevant,Off-topic
Impact of electric vehicles,My aunt is a nurse.,irrelevant,Unrelated

Benefits of daily walking,Daily walking improves physical fitness and health.,relevant,Addresses the topic
Benefits of daily walking,Regular walking reduces stress and anxiety.,relevant,Relevant discussion
Benefits of daily walking,Walking is a simple and effective exercise.,relevant,Relevant answer
Benefits of daily walking,I enjoy cooking pasta dishes.,irrelevant,Wrong topic
Benefits of daily walking,The chair is very comfortable.,irrelevant,Off-topic
Benefits of daily walking,My father is a mechanic.,irrelevant,Unrelated

Should zoos be banned,Modern zoos protect endangered species from extinction.,relevant,Addresses the topic
Should zoos be banned,Animals in captivity experience suffering.,relevant,Relevant discussion
Should zoos be banned,Sanctuaries are better alternatives to zoos.,relevant,Relevant answer
Should zoos be banned,I like playing cricket with friends.,irrelevant,Wrong topic
Should zoos be banned,The river is very deep.,irrelevant,Off-topic
Should zoos be banned,My brother is a doctor.,irrelevant,Unrelated

Advantages of waking up early,Waking up early increases productivity.,relevant,Addresses the topic
Advantages of waking up early,Early risers have better mental health.,relevant,Relevant discussion
Advantages of waking up early,Morning hours are peaceful and quiet.,relevant,Relevant answer
Advantages of waking up early,I love eating chocolate desserts.,irrelevant,Wrong topic
Advantages of waking up early,The door is very old.,irrelevant,Off-topic
Advantages of waking up early,My cousin is an engineer.,irrelevant,Unrelated

Should advertising to children be banned,Advertising to children promotes unhealthy habits.,relevant,Addresses the topic
Should advertising to children be banned,Children are easily influenced by marketing.,relevant,Relevant discussion
Should advertising to children be banned,Regulation protects young consumers.,relevant,Relevant answer
Should advertising to children be banned,I enjoy traveling to new cities.,irrelevant,Wrong topic
Should advertising to children be banned,The mountain is very tall.,irrelevant,Off-topic
Should advertising to children be banned,My sister is a pilot.,irrelevant,Unrelated

Importance of tree planting,Tree planting helps fight climate change.,relevant,Addresses the topic
Importance of tree planting,Trees provide oxygen and clean air.,relevant,Relevant discussion
Importance of tree planting,Forests maintain ecological balance.,relevant,Relevant answer
Importance of tree planting,I like watching movies on weekends.,irrelevant,Wrong topic
Importance of tree planting,The lamp is very bright.,irrelevant,Off-topic
Importance of tree planting,My uncle is a teacher.,irrelevant,Unrelated

Effects of sugar consumption on health,Excessive sugar causes obesity and diabetes.,relevant,Addresses the topic
Effects of sugar consumption on health,Reducing sugar intake improves health.,relevant,Relevant discussion
Effects of sugar consumption on health,Sugar is addictive and harmful.,relevant,Relevant answer
Effects of sugar consumption on health,I enjoy playing the piano.,irrelevant,Wrong topic
Effects of sugar consumption on health,The glass is very clean.,irrelevant,Off-topic
Effects of sugar consumption on health,My brother is a lawyer.,irrelevant,Unrelated

Should minimum wage be increased,Raising minimum wage improves worker living conditions.,relevant,Addresses the topic
Should minimum wage be increased,Higher wages reduce poverty levels.,relevant,Relevant discussion
Should minimum wage be increased,Minimum wage increases cost inflation.,relevant,Relevant answer
Should minimum wage be increased,I like dancing in the evening.,irrelevant,Wrong topic
Should minimum wage be increased,The carpet is very soft.,irrelevant,Off-topic
Should minimum wage be increased,My aunt is a doctor.,irrelevant,Unrelated

Benefits of learning a musical instrument,Learning instruments improves concentration and memory.,relevant,Addresses the topic
Benefits of learning a musical instrument,Music lessons develop patience and creativity.,relevant,Relevant discussion
Benefits of learning a musical instrument,Playing music reduces stress and anxiety.,relevant,Relevant answer
Benefits of learning a musical instrument,I love reading fantasy books.,irrelevant,Wrong topic
Benefits of learning a musical instrument,The wall is painted red.,irrelevant,Off-topic
Benefits of learning a musical instrument,My cousin is a mechanic.,irrelevant,Unrelated

Should governments regulate social media,Regulation prevents misinformation and online harm.,relevant,Addresses the topic
Should governments regulate social media,Social media platforms need legal accountability.,relevant,Relevant discussion
Should governments regulate social media,Freedom of expression must be protected.,relevant,Relevant answer
Should governments regulate social media,I like eating burgers sometimes.,irrelevant,Wrong topic
Should governments regulate social media,The road is very long.,irrelevant,Off-topic
Should governments regulate social media,My sister is a nurse.,irrelevant,Unrelated

Importance of sleep for health,Adequate sleep improves physical health.,relevant,Addresses the topic
Importance of sleep for health,Sleep helps memory and concentration.,relevant,Relevant discussion
Importance of sleep for health,Lack of sleep causes health problems.,relevant,Relevant answer
Importance of sleep for health,I enjoy hiking in nature.,irrelevant,Wrong topic
Importance of sleep for health,The chair is very heavy.,irrelevant,Off-topic
Importance of sleep for health,My uncle is a businessman.,irrelevant,Unrelated

Advantages of shopping locally,Local shopping supports the community economy.,relevant,Addresses the topic
Advantages of shopping locally,Buying locally reduces transportation carbon.,relevant,Relevant discussion
Advantages of shopping locally,Local shops offer fresh products.,relevant,Relevant answer
Advantages of shopping locally,I like playing tennis outside.,irrelevant,Wrong topic
Advantages of shopping locally,The window is very wide.,irrelevant,Off-topic
Advantages of shopping locally,My brother is a pilot.,irrelevant,Unrelated

Should people adopt vegetarianism,Vegetarian diets are healthier and sustainable.,relevant,Addresses the topic
Should people adopt vegetarianism,Plant-based eating reduces animal cruelty.,relevant,Relevant discussion
Should people adopt vegetarianism,Vegetarianism lowers environmental impact.,relevant,Relevant answer
Should people adopt vegetarianism,I enjoy watching TV series.,irrelevant,Wrong topic
Should people adopt vegetarianism,The tree is very tall.,irrelevant,Off-topic
Should people adopt vegetarianism,My cousin is a teacher.,irrelevant,Unrelated

Impact of climate change on agriculture,Climate change reduces crop yields and food security.,relevant,Addresses the topic
Impact of climate change on agriculture,Farmers face challenges from unpredictable weather.,relevant,Relevant discussion
Impact of climate change on agriculture,Adaptation strategies are important for farming.,relevant,Relevant answer
Impact of climate change on agriculture,I like swimming in the pool.,irrelevant,Wrong topic
Impact of climate change on agriculture,The lamp is very dim.,irrelevant,Off-topic
Impact of climate change on agriculture,My aunt is a lawyer.,irrelevant,Unrelated

Benefits of laughter and humor,Laughter releases stress and improves mood.,relevant,Addresses the topic
Benefits of laughter and humor,Humor helps people connect with others.,relevant,Relevant discussion
Benefits of laughter and humor,Positive attitude leads to better health.,relevant,Relevant answer
Benefits of laughter and humor,I enjoy cooking various dishes.,irrelevant,Wrong topic
Benefits of laughter and humor,The floor is very dirty.,irrelevant,Off-topic
Benefits of laughter and humor,My sister is a doctor.,irrelevant,Unrelated

Should schools teach entrepreneurship,Entrepreneurship education creates business skills.,relevant,Addresses the topic
Should schools teach entrepreneurship,Students learn innovation and risk-taking.,relevant,Relevant discussion
Should schools teach entrepreneurship,Business education prepares for the future.,relevant,Relevant answer
Should schools teach entrepreneurship,I like reading adventure books.,irrelevant,Wrong topic
Should schools teach entrepreneurship,The glass is very shiny.,irrelevant,Off-topic
Should schools teach entrepreneurship,My uncle is a mechanic.,irrelevant,Unrelated

Effects of social isolation,Social isolation leads to mental health issues.,relevant,Addresses the topic
Effects of social isolation,Connection with others is vital for wellbeing.,relevant,Relevant discussion
Effects of social isolation,Loneliness affects people of all ages.,relevant,Relevant answer
Effects of social isolation,I love playing chess with friends.,irrelevant,Wrong topic
Effects of social isolation,The river is very wide.,irrelevant,Off-topic
Effects of social isolation,My brother is a businessman.,irrelevant,Unrelated

Importance of clean water access,Clean water is essential for human survival.,relevant,Addresses the topic
Importance of clean water access,Waterborne diseases affect millions globally.,relevant,Relevant discussion
Importance of clean water access,Governments must ensure water quality.,relevant,Relevant answer
Importance of clean water access,I like eating spicy food.,irrelevant,Wrong topic
Importance of clean water access,The door is very heavy.,irrelevant,Off-topic
Importance of clean water access,My cousin is a pilot.,irrelevant,Unrelated

Should countries reduce carbon emissions,Emission reduction prevents climate disaster.,relevant,Addresses the topic
Should countries reduce carbon emissions,International cooperation is essential for climate action.,relevant,Relevant discussion
Should countries reduce carbon emissions,Carbon taxes encourage sustainable practices.,relevant,Relevant answer
Should countries reduce carbon emissions,I enjoy playing basketball outside.,irrelevant,Wrong topic
Should countries reduce carbon emissions,The chair is very comfortable.,irrelevant,Off-topic
Should countries reduce carbon emissions,My aunt is a teacher.,irrelevant,Unrelated

Advantages of reading newspapers,Newspapers keep people informed about current events.,relevant,Addresses the topic
Advantages of reading newspapers,Reading news improves critical thinking skills.,relevant,Relevant discussion
Advantages of reading newspapers,Journalism provides accountability and transparency.,relevant,Relevant answer
Advantages of reading newspapers,I like playing video games often.,irrelevant,Wrong topic
Advantages of reading newspapers,The road is very smooth.,irrelevant,Off-topic
Advantages of reading newspapers,My sister is a lawyer.,irrelevant,Unrelated

Should governments subsidize public transport,Public transport subsidies reduce traffic congestion.,relevant,Addresses the topic
Should governments subsidize public transport,Subsidies make transport accessible for everyone.,relevant,Relevant discussion
Should governments subsidize public transport,Affordable transport benefits the environment.,relevant,Relevant answer
Should governments subsidize public transport,I enjoy traveling to new places.,irrelevant,Wrong topic
Should governments subsidize public transport,The mountain is very high.,irrelevant,Off-topic
Should governments subsidize public transport,My uncle is a doctor.,irrelevant,Unrelated

Should schools teach sex education,Teaching sex education reduces teenage pregnancy rates.,relevant,Addresses the topic
Should schools teach sex education,Proper sex education prevents sexual abuse.,relevant,Relevant discussion
Should schools teach sex education,Students need to learn about reproductive health.,relevant,Relevant answer
Should schools teach sex education,I like watching cartoons on TV.,irrelevant,Wrong topic
Should schools teach sex education,The table is very heavy.,irrelevant,Off-topic
Should schools teach sex education,My brother is a mechanic.,irrelevant,Unrelated

Impact of social media on youth,Social media influences youth behavior and attitudes.,relevant,Addresses the topic
Impact of social media on youth,Cyberbullying is a major concern for young people.,relevant,Relevant discussion
Impact of social media on youth,Young people spend excessive time online.,relevant,Relevant answer
Impact of social media on youth,I enjoy playing tennis on weekends.,irrelevant,Wrong topic
Impact of social media on youth,The window is very clean.,irrelevant,Off-topic
Impact of social media on youth,My cousin is a nurse.,irrelevant,Unrelated

Importance of preserving wildlife,Wildlife conservation maintains ecological balance.,relevant,Addresses the topic
Importance of preserving wildlife,Endangered species need protection from extinction.,relevant,Relevant discussion
Importance of preserving wildlife,Biodiversity is crucial for human survival.,relevant,Relevant answer
Importance of preserving wildlife,I like eating pasta with cheese.,irrelevant,Wrong topic
Importance of preserving wildlife,The carpet is very colorful.,irrelevant,Off-topic
Importance of preserving wildlife,My uncle is a businessman.,irrelevant,Unrelated

Should people reduce meat consumption,Eating less meat benefits the environment.,relevant,Addresses the topic
Should people reduce meat consumption,Meat production causes greenhouse gas emissions.,relevant,Relevant discussion
Should people reduce meat consumption,Plant-based diets are healthier and sustainable.,relevant,Relevant answer
Should people reduce meat consumption,I like playing chess with my brother.,irrelevant,Wrong topic
Should people reduce meat consumption,The lamp is very bright.,irrelevant,Off-topic
Should people reduce meat consumption,My sister is a teacher.,irrelevant,Unrelated

Benefits of practicing mindfulness,Mindfulness practice improves mental health.,relevant,Addresses the topic
Benefits of practicing mindfulness,Being present reduces stress and worry.,relevant,Relevant discussion
Benefits of practicing mindfulness,Meditation helps people focus better.,relevant,Relevant answer
Benefits of practicing mindfulness,I enjoy watching football matches.,irrelevant,Wrong topic
Benefits of practicing mindfulness,The river is very calm today.,irrelevant,Off-topic
Benefits of practicing mindfulness,My father is a pilot.,irrelevant,Unrelated

Should children have social media accounts,Children on social media face privacy risks.,relevant,Addresses the topic
Should children have social media accounts,Social media can affect children's mental health.,relevant,Relevant discussion
Should children have social media accounts,Parents should monitor children's online activity.,relevant,Relevant answer
Should children have social media accounts,I like listening to music at night.,irrelevant,Wrong topic
Should children have social media accounts,The door is very wide.,irrelevant,Off-topic
Should children have social media accounts,My aunt is a lawyer.,irrelevant,Unrelated

Advantages of lifelong learning,Continuous learning keeps the mind active.,relevant,Addresses the topic
Advantages of lifelong learning,Learning new skills boosts career prospects.,relevant,Relevant discussion
Advantages of lifelong learning,Education throughout life enhances personal growth.,relevant,Relevant answer
Advantages of lifelong learning,I enjoy cooking special meals.,irrelevant,Wrong topic
Advantages of lifelong learning,The floor is very shiny.,irrelevant,Off-topic
Advantages of lifelong learning,My brother is a doctor.,irrelevant,Unrelated

Should plastic packaging be banned,Plastic packaging causes severe environmental damage.,relevant,Addresses the topic
Should plastic packaging be banned,Biodegradable alternatives should replace plastic.,relevant,Relevant discussion
Should plastic packaging be banned,Banning plastic reduces ocean pollution.,relevant,Relevant answer
Should plastic packaging be banned,I like cycling in the morning.,irrelevant,Wrong topic
Should plastic packaging be banned,The glass is very clean.,irrelevant,Off-topic
Should plastic packaging be banned,My cousin is an engineer.,irrelevant,Unrelated

Impact of technology on employment,Automation replaces many manual jobs.,relevant,Addresses the topic
Impact of technology on employment,New technology creates different job opportunities.,relevant,Relevant discussion
Impact of technology on employment,Workers need retraining for digital jobs.,relevant,Relevant answer
Impact of technology on employment,I like reading romance novels.,irrelevant,Wrong topic
Impact of technology on employment,The tree is very old.,irrelevant,Off-topic
Impact of technology on employment,My uncle is a mechanic.,irrelevant,Unrelated

Importance of community service,Community service strengthens social bonds.,relevant,Addresses the topic
Importance of community service,Volunteering benefits both helpers and recipients.,relevant,Relevant discussion
Importance of community service,Serving others creates meaningful change.,relevant,Relevant answer
Importance of community service,I like playing guitar in free time.,irrelevant,Wrong topic
Importance of community service,The chair is very comfortable.,irrelevant,Off-topic
Importance of community service,My sister is a nurse.,irrelevant,Unrelated

Should governments fund space exploration,Space exploration drives technological innovation.,relevant,Addresses the topic
Should governments fund space exploration,Scientific discoveries benefit life on Earth.,relevant,Relevant discussion
Should governments fund space exploration,Space programs inspire future generations.,relevant,Relevant answer
Should governments fund space exploration,I enjoy hiking on weekends.,irrelevant,Wrong topic
Should governments fund space exploration,The wall is painted blue.,irrelevant,Off-topic
Should governments fund space exploration,My brother is a businessman.,irrelevant,Unrelated

Benefits of playing team sports,Team sports teach valuable life lessons.,relevant,Addresses the topic
Benefits of playing team sports,Working in a team builds cooperation skills.,relevant,Relevant discussion
Benefits of playing team sports,Sports promote physical and social health.,relevant,Relevant answer
Benefits of playing team sports,I like watching cooking shows.,irrelevant,Wrong topic
Benefits of playing team sports,The road is very bumpy.,irrelevant,Off-topic
Benefits of playing team sports,My cousin is a teacher.,irrelevant,Unrelated

Should homework be limited,Too much homework stresses students.,relevant,Addresses the topic
Should homework be limited,Homework reinforces classroom learning.,relevant,Relevant discussion
Should homework be limited,Balanced homework helps student development.,relevant,Relevant answer
Should homework be limited,I like playing basketball daily.,irrelevant,Wrong topic
Should homework be limited,The lamp is very dim.,irrelevant,Off-topic
Should homework be limited,My aunt is a doctor.,irrelevant,Unrelated

Effects of air travel on environment,Air travel contributes to carbon emissions.,relevant,Addresses the topic
Effects of air travel on environment,Aviation industry needs sustainable fuel.,relevant,Relevant discussion
Effects of air travel on environment,Flying less can reduce environmental impact.,relevant,Relevant answer
Effects of air travel on environment,I enjoy swimming in the ocean.,irrelevant,Wrong topic
Effects of air travel on environment,The carpet is very soft.,irrelevant,Off-topic
Effects of air travel on environment,My uncle is a pilot.,irrelevant,Unrelated

Importance of cultural exchange,Learning about other cultures builds tolerance.,relevant,Addresses the topic
Importance of cultural exchange,Cultural exchange promotes international understanding.,relevant,Relevant discussion
Importance of cultural exchange,Shared experiences unite people globally.,relevant,Relevant answer
Importance of cultural exchange,I like eating sushi sometimes.,irrelevant,Wrong topic
Importance of cultural exchange,The chair is very heavy.,irrelevant,Off-topic
Importance of cultural exchange,My brother is a lawyer.,irrelevant,Unrelated

Should cities plant more trees,Planting trees improves urban air quality.,relevant,Addresses the topic
Should cities plant more trees,Green spaces enhance city living conditions.,relevant,Relevant discussion
Should cities plant more trees,Trees reduce noise and heat in cities.,relevant,Relevant answer
Should cities plant more trees,I enjoy photography as a hobby.,irrelevant,Wrong topic
Should cities plant more trees,The door is very tall.,irrelevant,Off-topic
Should cities plant more trees,My sister is a teacher.,irrelevant,Unrelated

Advantages of learning to swim,Swimming is a lifesaving skill.,relevant,Addresses the topic
Advantages of learning to swim,Swimming improves fitness and strength.,relevant,Relevant discussion
Advantages of learning to swim,Water activities are enjoyable and healthy.,relevant,Relevant answer
Advantages of learning to swim,I like watching movies at home.,irrelevant,Wrong topic
Advantages of learning to swim,The window is very large.,irrelevant,Off-topic
Advantages of learning to swim,My cousin is a mechanic.,irrelevant,Unrelated

Should companies promote work-life balance,Work-life balance increases employee satisfaction.,relevant,Addresses the topic
Should companies promote work-life balance,Happy workers are more productive.,relevant,Relevant discussion
Should companies promote work-life balance,Flexible hours benefit both employer and employee.,relevant,Relevant answer
Should companies promote work-life balance,I like listening to podcasts.,irrelevant,Wrong topic
Should companies promote work-life balance,The table is very round.,irrelevant,Off-topic
Should companies promote work-life balance,My uncle is a businessman.,irrelevant,Unrelated

Impact of streaming services on cinema,Streaming reduces cinema attendance significantly.,relevant,Addresses the topic
Impact of streaming services on cinema,Convenience of streaming affects movie theaters.,relevant,Relevant discussion
Impact of streaming services on cinema,Both streaming and cinema have advantages.,relevant,Relevant answer
Impact of streaming services on cinema,I like drawing pictures in free time.,irrelevant,Wrong topic
Impact of streaming services on cinema,The mountain is very high.,irrelevant,Off-topic
Impact of streaming services on cinema,My brother is a doctor.,irrelevant,Unrelated

Importance of voting in elections,Voting ensures democratic representation.,relevant,Addresses the topic
Importance of voting in elections,Every vote counts and has power.,relevant,Relevant discussion
Importance of voting in elections,Citizens should exercise their voting rights.,relevant,Relevant answer
Importance of voting in elections,I enjoy baking cakes often.,irrelevant,Wrong topic
Importance of voting in elections,The river is very wide.,irrelevant,Off-topic
Importance of voting in elections,My aunt is a nurse.,irrelevant,Unrelated

Should prisoners be given education,Education helps prisoners reintegrate into society.,relevant,Addresses the topic
Should prisoners be given education,Learning reduces reoffending rates.,relevant,Relevant discussion
Should prisoners be given education,Skill training prepares prisoners for release.,relevant,Relevant answer
Should prisoners be given education,I like playing card games.,irrelevant,Wrong topic
Should prisoners be given education,The floor is very dirty.,irrelevant,Off-topic
Should prisoners be given education,My cousin is a pilot.,irrelevant,Unrelated

Advantages of using public transport,Public transport reduces traffic congestion.,relevant,Addresses the topic
Advantages of using public transport,Using buses and trains saves money.,relevant,Relevant discussion
Advantages of using public transport,Public transport is environmentally friendly.,relevant,Relevant answer
Advantages of using public transport,I enjoy painting landscapes.,irrelevant,Wrong topic
Advantages of using public transport,The glass is very shiny.,irrelevant,Off-topic
Advantages of using public transport,My sister is a lawyer.,irrelevant,Unrelated

Should junk food be banned in schools,Junk food in schools causes health issues.,relevant,Addresses the topic
Should junk food be banned in schools,Healthy food options should be promoted.,relevant,Relevant discussion
Should junk food be banned in schools,School meals should be nutritious.,relevant,Relevant answer
Should junk food be banned in schools,I like singing in my room.,irrelevant,Wrong topic
Should junk food be banned in schools,The door is very old.,irrelevant,Off-topic
Should junk food be banned in schools,My uncle is a teacher.,irrelevant,Unrelated

Benefits of volunteering,Volunteering brings joy and fulfillment.,relevant,Addresses the topic
Benefits of volunteering,Helping others builds stronger communities.,relevant,Relevant discussion
Benefits of volunteering,Volunteer work teaches empathy and kindness.,relevant,Relevant answer
Benefits of volunteering,I like watching cricket tournaments.,irrelevant,Wrong topic
Benefits of volunteering,The chair is very small.,irrelevant,Off-topic
Benefits of volunteering,My brother is a businessman.,irrelevant,Unrelated

Should schools extend school hours,Longer school hours provide more learning time.,relevant,Addresses the topic
Should schools extend school hours,Extended hours allow for more activities.,relevant,Relevant discussion
Should schools extend school hours,Longer days can stress students excessively.,relevant,Relevant answer
Should schools extend school hours,I like reading comic books.,irrelevant,Wrong topic
Should schools extend school hours,The lamp is very bright.,irrelevant,Off-topic
Should schools extend school hours,My cousin is a nurse.,irrelevant,Unrelated

Should governments control population growth,Controlling population growth reduces resource strain.,relevant,Addresses the topic
Should governments control population growth,Fewer people means less environmental pressure.,relevant,Relevant discussion
Should governments control population growth,Population policies should respect human rights.,relevant,Relevant answer
Should governments control population growth,I like watching comedy movies.,irrelevant,Wrong topic
Should governments control population growth,The carpet is very colorful.,irrelevant,Off-topic
Should governments control population growth,My sister is a mechanic.,irrelevant,Unrelated

Impact of online shopping on small businesses,Online shopping affects local store sales.,relevant,Addresses the topic
Impact of online shopping on small businesses,Small businesses struggle to compete online.,relevant,Relevant discussion
Impact of online shopping on small businesses,Physical stores must adapt to survive.,relevant,Relevant answer
Impact of online shopping on small businesses,I enjoy hiking in the forest.,irrelevant,Wrong topic
Impact of online shopping on small businesses,The table is very heavy.,irrelevant,Off-topic
Impact of online shopping on small businesses,My uncle is a doctor.,irrelevant,Unrelated

Importance of protecting oceans,Oceans provide food and regulate climate.,relevant,Addresses the topic
Importance of protecting oceans,Marine ecosystems are under threat.,relevant,Relevant discussion
Importance of protecting oceans,Reducing pollution saves ocean life.,relevant,Relevant answer
Importance of protecting oceans,I like playing piano in evenings.,irrelevant,Wrong topic
Importance of protecting oceans,The window is very clean.,irrelevant,Off-topic
Importance of protecting oceans,My brother is a lawyer.,irrelevant,Unrelated

Should people work fewer hours,Working fewer hours improves mental health.,relevant,Addresses the topic
Should people work fewer hours,Flexible schedules increase productivity.,relevant,Relevant discussion
Should people work fewer hours,Work-life balance is essential for wellbeing.,relevant,Relevant answer
Should people work fewer hours,I enjoy cooking pasta dishes.,irrelevant,Wrong topic
Should people work fewer hours,The floor is very shiny.,irrelevant,Off-topic
Should people work fewer hours,My cousin is a teacher.,irrelevant,Unrelated

Benefits of learning history,History teaches important lessons for the future.,relevant,Addresses the topic
Benefits of learning history,Understanding the past prevents mistakes.,relevant,Relevant discussion
Benefits of learning history,History shapes cultural identity and pride.,relevant,Relevant answer
Benefits of learning history,I like swimming in the pool.,irrelevant,Wrong topic
Benefits of learning history,The road is very long.,irrelevant,Off-topic
Benefits of learning history,My aunt is a nurse.,irrelevant,Unrelated

Should high schools teach practical skills,Practical skills prepare students for life.,relevant,Addresses the topic
Should high schools teach practical skills,Learning budgeting and cooking is useful.,relevant,Relevant discussion
Should high schools teach practical skills,Real-world skills are valuable for students.,relevant,Relevant answer
Should high schools teach practical skills,I like reading adventure books.,irrelevant,Wrong topic
Should high schools teach practical skills,The glass is very clean.,irrelevant,Off-topic
Should high schools teach practical skills,My father is a businessman.,irrelevant,Unrelated

Advantages of traveling alone,Traveling alone builds confidence and independence.,relevant,Addresses the topic
Advantages of traveling alone,Solo travel allows complete freedom.,relevant,Relevant discussion
Advantages of traveling alone,Meeting new people is easier alone.,relevant,Relevant answer
Advantages of traveling alone,I like eating chocolate often.,irrelevant,Wrong topic
Advantages of traveling alone,The lamp is very dim.,irrelevant,Off-topic
Advantages of traveling alone,My brother is a pilot.,irrelevant,Unrelated

Should governments fund arts programs,Government funding supports artists and culture.,relevant,Addresses the topic
Should governments fund arts programs,Arts education benefits children and communities.,relevant,Relevant discussion
Should governments fund arts programs,Cultural expression should be funded publicly.,relevant,Relevant answer
Should governments fund arts programs,I enjoy playing football outside.,irrelevant,Wrong topic
Should governments fund arts programs,The chair is very comfortable.,irrelevant,Off-topic
Should governments fund arts programs,My sister is a doctor.,irrelevant,Unrelated

Impact of poverty on education,Poverty creates barriers to education access.,relevant,Addresses the topic
Impact of poverty on education,Poor students face limited opportunities.,relevant,Relevant discussion
Impact of poverty on education,Scholarships help overcome financial obstacles.,relevant,Relevant answer
Impact of poverty on education,I like traveling to new countries.,irrelevant,Wrong topic
Impact of poverty on education,The wall is painted white.,irrelevant,Off-topic
Impact of poverty on education,My uncle is a mechanic.,irrelevant,Unrelated

Importance of fatherhood in child development,Fathers play a crucial role in child development.,relevant,Addresses the topic
Importance of fatherhood in child development,Children benefit from paternal guidance.,relevant,Relevant discussion
Importance of fatherhood in child development,Fathers teach important life skills.,relevant,Relevant answer
Importance of fatherhood in child development,I like watching Netflix shows.,irrelevant,Wrong topic
Importance of fatherhood in child development,The tree is very tall.,irrelevant,Off-topic
Importance of fatherhood in child development,My cousin is a lawyer.,irrelevant,Unrelated

Should governments legalize marijuana,Legalizing marijuana creates tax revenue.,relevant,Addresses the topic
Should governments legalize marijuana,Regulation controls drug quality and safety.,relevant,Relevant discussion
Should governments legalize marijuana,Legalization may increase drug use.,relevant,Relevant answer
Should governments legalize marijuana,I enjoy cycling on weekends.,irrelevant,Wrong topic
Should governments legalize marijuana,The river is very deep.,irrelevant,Off-topic
Should governments legalize marijuana,My aunt is a teacher.,irrelevant,Unrelated

Benefits of eating organic food,Organic food is healthier and chemical-free.,relevant,Addresses the topic
Benefits of eating organic food,Organic farming supports environmental sustainability.,relevant,Relevant discussion
Benefits of eating organic food,Organic produce has better nutritional value.,relevant,Relevant answer
Benefits of eating organic food,I like playing chess with friends.,irrelevant,Wrong topic
Benefits of eating organic food,The door is very wide.,irrelevant,Off-topic
Benefits of eating organic food,My brother is a businessman.,irrelevant,Unrelated

Should companies hire more remote workers,Remote work saves office space costs.,relevant,Addresses the topic
Should companies hire more remote workers,Remote workers have better work-life balance.,relevant,Relevant discussion
Should companies hire more remote workers,Technology makes remote work possible.,relevant,Relevant answer
Should companies hire more remote workers,I like baking bread at home.,irrelevant,Wrong topic
Should companies hire more remote workers,The carpet is very clean.,irrelevant,Off-topic
Should companies hire more remote workers,My uncle is a lawyer.,irrelevant,Unrelated

Effects of bullying on mental health,Bullying causes depression and anxiety.,relevant,Addresses the topic
Effects of bullying on mental health,Victims of bullying need support.,relevant,Relevant discussion
Effects of bullying on mental health,Anti-bullying programs are essential in schools.,relevant,Relevant answer
Effects of bullying on mental health,I enjoy singing in the shower.,irrelevant,Wrong topic
Effects of bullying on mental health,The table is very round.,irrelevant,Off-topic
Effects of bullying on mental health,My sister is a nurse.,irrelevant,Unrelated

Importance of personal hygiene,Good hygiene prevents diseases and infections.,relevant,Addresses the topic
Importance of personal hygiene,Cleanliness promotes social confidence.,relevant,Relevant discussion
Importance of personal hygiene,Hygiene habits develop during childhood.,relevant,Relevant answer
Importance of personal hygiene,I like watching documentary films.,irrelevant,Wrong topic
Importance of personal hygiene,The window is very large.,irrelevant,Off-topic
Importance of personal hygiene,My cousin is a mechanic.,irrelevant,Unrelated

Should schools provide free meals,Free school meals reduce hunger and poverty.,relevant,Addresses the topic
Should schools provide free meals,Government food programs help poor families.,relevant,Relevant discussion
Should schools provide free meals,Nutritious meals improve student performance.,relevant,Relevant answer
Should schools provide free meals,I like drawing in my notebook.,irrelevant,Wrong topic
Should schools provide free meals,The glass is very shiny.,irrelevant,Off-topic
Should schools provide free meals,My father is a doctor.,irrelevant,Unrelated

Advantages of regular health checkups,Regular checkups detect health problems early.,relevant,Addresses the topic
Advantages of regular health checkups,Preventive medicine saves lives and money.,relevant,Relevant discussion
Advantages of regular health checkups,Doctors can monitor ongoing health conditions.,relevant,Relevant answer
Advantages of regular health checkups,I like cooking with friends.,irrelevant,Wrong topic
Advantages of regular health checkups,The chair is very heavy.,irrelevant,Off-topic
Advantages of regular health checkups,My brother is a teacher.,irrelevant,Unrelated

Should animals have legal rights,Animals deserve protection from cruelty.,relevant,Addresses the topic
Should animals have legal rights,Legal rights for animals prevent abuse.,relevant,Relevant discussion
Should animals have legal rights,Animal welfare laws need strengthening.,relevant,Relevant answer
Should animals have legal rights,I enjoy listening to music daily.,irrelevant,Wrong topic
Should animals have legal rights,The floor is very cold.,irrelevant,Off-topic
Should animals have legal rights,My aunt is a pilot.,irrelevant,Unrelated

Impact of noise pollution on health,Noise pollution causes stress and hearing loss.,relevant,Addresses the topic
Impact of noise pollution on health,Cities need better noise regulations.,relevant,Relevant discussion
Impact of noise pollution on health,Loud environments affect sleep quality.,relevant,Relevant answer
Impact of noise pollution on health,I like playing tennis in summer.,irrelevant,Wrong topic
Impact of noise pollution on health,The lamp is very bright.,irrelevant,Off-topic
Impact of noise pollution on health,My cousin is a businessman.,irrelevant,Unrelated

Importance of early cancer detection,Early detection improves cancer survival rates.,relevant,Addresses the topic
Importance of early cancer detection,Screening programs save many lives.,relevant,Relevant discussion
Importance of early cancer detection,Public awareness about symptoms is vital.,relevant,Relevant answer
Importance of early cancer detection,I enjoy camping in the mountains.,irrelevant,Wrong topic
Importance of early cancer detection,The road is very bumpy.,irrelevant,Off-topic
Importance of early cancer detection,My sister is a lawyer.,irrelevant,Unrelated

Should countries increase foreign aid,Foreign aid helps developing countries grow.,relevant,Addresses the topic
Should countries increase foreign aid,International assistance reduces global poverty.,relevant,Relevant discussion
Should countries increase foreign aid,Aid should be spent responsibly.,relevant,Relevant answer
Should countries increase foreign aid,I like reading science fiction books.,irrelevant,Wrong topic
Should countries increase foreign aid,The tree is very green.,irrelevant,Off-topic
Should countries increase foreign aid,My uncle is a mechanic.,irrelevant,Unrelated

Benefits of outdoor recreation,Outdoor activities improve physical fitness.,relevant,Addresses the topic
Benefits of outdoor recreation,Nature reduces stress and anxiety.,relevant,Relevant discussion
Benefits of outdoor recreation,Spending time outdoors is refreshing.,relevant,Relevant answer
Benefits of outdoor recreation,I like eating fruit salads.,irrelevant,Wrong topic
Benefits of outdoor recreation,The window is very clean.,irrelevant,Off-topic
Benefits of outdoor recreation,My brother is a nurse.,irrelevant,Unrelated

Should gambling be restricted,Gambling causes addiction and financial ruin.,relevant,Addresses the topic
Should gambling be restricted,Government regulation prevents harm.,relevant,Relevant discussion
Should gambling be restricted,Online gambling needs stricter laws.,relevant,Relevant answer
Should gambling be restricted,I like dancing at parties.,irrelevant,Wrong topic
Should gambling be restricted,The carpet is very soft.,irrelevant,Off-topic
Should gambling be restricted,My cousin is a teacher.,irrelevant,Unrelated

Advantages of adopting a pet,Pet adoption gives animals a loving home.,relevant,Addresses the topic
Advantages of adopting a pet,Pets reduce stress and loneliness.,relevant,Relevant discussion
Advantages of adopting a pet,Rescue animals make wonderful companions.,relevant,Relevant answer
Advantages of adopting a pet,I like watching news on TV.,irrelevant,Wrong topic
Advantages of adopting a pet,The door is very heavy.,irrelevant,Off-topic
Advantages of adopting a pet,My aunt is a doctor.,irrelevant,Unrelated

Should governments provide free childcare,Free childcare supports working parents.,relevant,Addresses the topic
Should governments provide free childcare,Childcare costs burden many families.,relevant,Relevant discussion
Should governments provide free childcare,Quality care benefits child development.,relevant,Relevant answer
Should governments provide free childcare,I enjoy painting with watercolors.,irrelevant,Wrong topic
Should governments provide free childcare,The glass is very clean.,irrelevant,Off-topic
Should governments provide free childcare,My uncle is a businessman.,irrelevant,Unrelated

Should governments subsidize renewable energy,Renewable subsidies reduce fossil fuel dependence.,relevant,Addresses the topic
Should governments subsidize renewable energy,Solar and wind energy need government support.,relevant,Relevant discussion
Should governments subsidize renewable energy,Green energy creates sustainable employment.,relevant,Relevant answer
Should governments subsidize renewable energy,I like watching sitcoms on TV.,irrelevant,Wrong topic
Should governments subsidize renewable energy,The floor is very dusty.,irrelevant,Off-topic
Should governments subsidize renewable energy,My cousin is a dentist.,irrelevant,Unrelated

Importance of gender equality in education,Equal education empowers women and girls.,relevant,Addresses the topic
Importance of gender equality in education,Gender parity improves economic outcomes.,relevant,Relevant discussion
Importance of gender equality in education,Education reduces gender discrimination.,relevant,Relevant answer
Importance of gender equality in education,I enjoy playing video games online.,irrelevant,Wrong topic
Importance of gender equality in education,The lamp is very bright today.,irrelevant,Off-topic
Importance of gender equality in education,My brother is a businessman.,irrelevant,Unrelated

Should companies adopt 4-day work weeks,Four-day weeks improve employee productivity.,relevant,Addresses the topic
Should companies adopt 4-day work weeks,Shorter weeks boost worker morale.,relevant,Relevant discussion
Should companies adopt 4-day work weeks,Reduced hours promote better health.,relevant,Relevant answer
Should companies adopt 4-day work weeks,I like watching soccer matches.,irrelevant,Wrong topic
Should companies adopt 4-day work weeks,The wall is painted yellow.,irrelevant,Off-topic
Should companies adopt 4-day work weeks,My uncle is a lawyer.,irrelevant,Unrelated

Effects of deforestation on climate change,Deforestation releases carbon into the atmosphere.,relevant,Addresses the topic
Effects of deforestation on climate change,Loss of forests accelerates global warming.,relevant,Relevant discussion
Effects of deforestation on climate change,Protecting forests is climate action.,relevant,Relevant answer
Effects of deforestation on climate change,I love cooking spicy food.,irrelevant,Wrong topic
Effects of deforestation on climate change,The carpet is very dirty.,irrelevant,Off-topic
Effects of deforestation on climate change,My sister is a mechanic.,irrelevant,Unrelated

Benefits of learning to code,Coding skills are valuable for careers.,relevant,Addresses the topic
Benefits of learning to code,Programming improves logical thinking.,relevant,Relevant discussion
Benefits of learning to code,Technology skills prepare for the future.,relevant,Relevant answer
Benefits of learning to code,I like playing tennis outside.,irrelevant,Wrong topic
Benefits of learning to code,The road is very curvy.,irrelevant,Off-topic
Benefits of learning to code,My aunt is a doctor.,irrelevant,Unrelated

Should governments raise the retirement age,Raising retirement age supports pension systems.,relevant,Addresses the topic
Should governments raise the retirement age,People work longer to fund retirement.,relevant,Relevant discussion
Should governments raise the retirement age,Older workers bring valuable experience.,relevant,Relevant answer
Should governments raise the retirement age,I enjoy hiking on nature trails.,irrelevant,Wrong topic
Should governments raise the retirement age,The chair is very small.,irrelevant,Off-topic
Should governments raise the retirement age,My cousin is a teacher.,irrelevant,Unrelated

Advantages of taking up gardening,Gardening provides fresh organic vegetables.,relevant,Addresses the topic
Advantages of taking up gardening,Gardening reduces stress and improves mood.,relevant,Relevant discussion
Advantages of taking up gardening,Plants beautify homes and surroundings.,relevant,Relevant answer
Advantages of taking up gardening,I like watching thriller movies.,irrelevant,Wrong topic
Advantages of taking up gardening,The window is very dirty.,irrelevant,Off-topic
Advantages of taking up gardening,My brother is a pilot.,irrelevant,Unrelated

Should social media platforms verify identity,Identity verification reduces fake accounts.,relevant,Addresses the topic
Should social media platforms verify identity,Verified users are more accountable.,relevant,Relevant discussion
Should social media platforms verify identity,Privacy concerns arise with verification.,relevant,Relevant answer
Should social media platforms verify identity,I like painting in my free time.,irrelevant,Wrong topic
Should social media platforms verify identity,The tree is very old and tall.,irrelevant,Off-topic
Should social media platforms verify identity,My uncle is a businessman.,irrelevant,Unrelated

Impact of globalization on job market,Globalization creates international job opportunities.,relevant,Addresses the topic
Impact of globalization on job market,Offshoring affects local employment rates.,relevant,Relevant discussion
Impact of globalization on job market,Workers must adapt to global demands.,relevant,Relevant answer
Impact of globalization on job market,I enjoy listening to podcasts daily.,irrelevant,Wrong topic
Impact of globalization on job market,The floor is very slippery.,irrelevant,Off-topic
Impact of globalization on job market,My sister is a nurse.,irrelevant,Unrelated

Importance of drinking enough water,Water is essential for body functions.,relevant,Addresses the topic
Importance of drinking enough water,Hydration prevents health problems.,relevant,Relevant discussion
Importance of drinking enough water,Staying hydrated improves concentration.,relevant,Relevant answer
Importance of drinking enough water,I like reading mystery books.,irrelevant,Wrong topic
Importance of drinking enough water,The door is very heavy.,irrelevant,Off-topic
Importance of drinking enough water,My cousin is a mechanic.,irrelevant,Unrelated

Should governments invest in high-speed rail,Rail transport reduces road congestion.,relevant,Addresses the topic
Should governments invest in high-speed rail,High-speed trains are eco-friendly.,relevant,Relevant discussion
Should governments invest in high-speed rail,Rail networks boost regional economies.,relevant,Relevant answer
Should governments invest in high-speed rail,I like eating sushi sometimes.,irrelevant,Wrong topic
Should governments invest in high-speed rail,The glass is very dusty.,irrelevant,Off-topic
Should governments invest in high-speed rail,My aunt is a teacher.,irrelevant,Unrelated

Benefits of practicing yoga,Yoga improves flexibility and balance.,relevant,Addresses the topic
Benefits of practicing yoga,Regular yoga reduces stress levels.,relevant,Relevant discussion
Benefits of practicing yoga,Yoga promotes mental clarity and peace.,relevant,Relevant answer
Benefits of practicing yoga,I like playing board games.,irrelevant,Wrong topic
Benefits of practicing yoga,The lamp is very dimly lit.,irrelevant,Off-topic
Benefits of practicing yoga,My father is a businessman.,irrelevant,Unrelated

Should schools ban sugary drinks,Sugary drinks cause obesity in children.,relevant,Addresses the topic
Should schools ban sugary drinks,Healthy drinks should be promoted.,relevant,Relevant discussion
Should schools ban sugary drinks,Banning soda improves student health.,relevant,Relevant answer
Should schools ban sugary drinks,I enjoy singing with my friends.,irrelevant,Wrong topic
Should schools ban sugary drinks,The table is very colorful.,irrelevant,Off-topic
Should schools ban sugary drinks,My brother is a lawyer.,irrelevant,Unrelated

Effects of screen time on eyesight,Too much screen time damages eyesight.,relevant,Addresses the topic
Effects of screen time on eyesight,Digital eye strain affects many people.,relevant,Relevant discussion
Effects of screen time on eyesight,Taking breaks prevents vision problems.,relevant,Relevant answer
Effects of screen time on eyesight,I like playing cricket outside.,irrelevant,Wrong topic
Effects of screen time on eyesight,The carpet is very soft.,irrelevant,Off-topic
Effects of screen time on eyesight,My cousin is a doctor.,irrelevant,Unrelated

Importance of preserving indigenous languages,Indigenous languages carry cultural knowledge.,relevant,Addresses the topic
Importance of preserving indigenous languages,Language loss affects community identity.,relevant,Relevant discussion
Importance of preserving indigenous languages,Revival programs protect dying languages.,relevant,Relevant answer
Importance of preserving indigenous languages,I like watching anime shows.,irrelevant,Wrong topic
Importance of preserving indigenous languages,The river is very wide.,irrelevant,Off-topic
Importance of preserving indigenous languages,My uncle is a nurse.,irrelevant,Unrelated

Should governments limit car ownership,Reducing car numbers cuts pollution.,relevant,Addresses the topic
Should governments limit car ownership,Car limits improve urban living.,relevant,Relevant discussion
Should governments limit car ownership,Public transport becomes more important.,relevant,Relevant answer
Should governments limit car ownership,I enjoy cycling with friends.,irrelevant,Wrong topic
Should governments limit car ownership,The wall is very high.,irrelevant,Off-topic
Should governments limit car ownership,My sister is a teacher.,irrelevant,Unrelated

Advantages of learning a new language,Bilingualism enhances brain function.,relevant,Addresses the topic
Advantages of learning a new language,Learning languages opens career paths.,relevant,Relevant discussion
Advantages of learning a new language,Travel becomes more enjoyable.,relevant,Relevant answer
Advantages of learning a new language,I like baking cakes on weekends.,irrelevant,Wrong topic
Advantages of learning a new language,The chair is very comfortable.,irrelevant,Off-topic
Advantages of learning a new language,My brother is a mechanic.,irrelevant,Unrelated

Should euthanasia be legalized,Patients deserve control over their death.,relevant,Addresses the topic
Should euthanasia be legalized,Legal euthanasia ends unnecessary suffering.,relevant,Relevant discussion
Should euthanasia be legalized,Strong regulations are needed for safety.,relevant,Relevant answer
Should euthanasia be legalized,I like drawing illustrations often.,irrelevant,Wrong topic
Should euthanasia be legalized,The window is very clean.,irrelevant,Off-topic
Should euthanasia be legalized,My aunt is a pilot.,irrelevant,Unrelated

Impact of tourism on environment,Tourism causes environmental degradation.,relevant,Addresses the topic
Impact of tourism on environment,Natural habitats suffer from tourism.,relevant,Relevant discussion
Impact of tourism on environment,Sustainable tourism protects ecosystems.,relevant,Relevant answer
Impact of tourism on environment,I like watching wildlife documentaries.,irrelevant,Wrong topic
Impact of tourism on environment,The floor is very clean.,irrelevant,Off-topic
Impact of tourism on environment,My cousin is a businessman.,irrelevant,Unrelated

Importance of staying socially connected,Social connections reduce loneliness.,relevant,Addresses the topic
Importance of staying socially connected,Friendships improve mental health.,relevant,Relevant discussion
Importance of staying socially connected,Community involvement builds support networks.,relevant,Relevant answer
Importance of staying socially connected,I enjoy fishing on weekends.,irrelevant,Wrong topic
Importance of staying socially connected,The tree is very green.,irrelevant,Off-topic
Importance of staying socially connected,My uncle is a lawyer.,irrelevant,Unrelated

Should governments ban smoking in public,Public smoking bans protect non-smokers.,relevant,Addresses the topic
Should governments ban smoking in public,Secondhand smoke causes health issues.,relevant,Relevant discussion
Should governments ban smoking in public,Smoke-free zones improve air quality.,relevant,Relevant answer
Should governments ban smoking in public,I like playing darts with friends.,irrelevant,Wrong topic
Should governments ban smoking in public,The carpet is very colorful.,irrelevant,Off-topic
Should governments ban smoking in public,My sister is a doctor.,irrelevant,Unrelated

Benefits of setting personal goals,Goals give direction and motivation.,relevant,Addresses the topic
Benefits of setting personal goals,Achieving goals builds self-confidence.,relevant,Relevant discussion
Benefits of setting personal goals,Goal-setting improves time management.,relevant,Relevant answer
Benefits of setting personal goals,I like listening to radio music.,irrelevant,Wrong topic
Benefits of setting personal goals,The door is very wide.,irrelevant,Off-topic
Benefits of setting personal goals,My brother is a nurse.,irrelevant,Unrelated

Should celebrities have privacy rights,Celebrities deserve personal privacy too.,relevant,Addresses the topic
Should celebrities have privacy rights,Media scrutiny harms mental health.,relevant,Relevant discussion
Should celebrities be public figures,Privacy rights should apply to everyone.,relevant,Relevant answer
Should celebrities have privacy rights,I enjoy cooking desserts frequently.,irrelevant,Wrong topic
Should celebrities have privacy rights,The lamp is very bright.,irrelevant,Off-topic
Should celebrities have privacy rights,My cousin is a mechanic.,irrelevant,Unrelated

Advantages of attending live concerts,Live concerts create memorable experiences.,relevant,Addresses the topic
Advantages of attending live concerts,Concert energy is uplifting and exciting.,relevant,Relevant discussion
Advantages of attending live concerts,Music brings people together joyfully.,relevant,Relevant answer
Advantages of attending live concerts,I like walking in the evenings.,irrelevant,Wrong topic
Advantages of attending live concerts,The glass is very shiny.,irrelevant,Off-topic
Advantages of attending live concerts,My aunt is a teacher.,irrelevant,Unrelated

Should governments control food prices,Price controls ensure food affordability.,relevant,Addresses the topic
Should governments control food prices,Affordable food reduces poverty levels.,relevant,Relevant discussion
Should governments control food prices,Free markets may regulate prices better.,relevant,Relevant answer
Should governments control food prices,I like playing volleyball sometimes.,irrelevant,Wrong topic
Should governments control food prices,The road is very smooth.,irrelevant,Off-topic
Should governments control food prices,My uncle is a businessman.,irrelevant,Unrelated
